"","Selection_coefficient","Dominance_coefficient","GC_rate","Mean_tract_length","Replicate","N_segregating_mutations_GC"
"1",0.01,0.2,1e-05,4000,1,2099
"2",0.01,0.2,1e-05,4000,2,2650
"3",0.01,0.2,1e-05,4000,3,1844
"4",0.01,0.2,1e-05,4000,4,1606
"5",0.01,0.2,1e-05,4000,5,2295
"6",0.01,0.2,1e-05,4000,6,1955
"7",0.01,0.2,1e-05,4000,7,1713
"8",0.01,0.2,1e-05,4000,8,1421
"9",0.01,0.2,1e-05,4000,9,2194
"10",0.01,0.2,1e-05,4000,10,1325
"11",0.01,0.2,1e-05,4000,11,2026
"12",0.01,0.2,1e-05,4000,12,2052
"13",0.01,0.2,1e-05,4000,13,1582
"14",0.01,0.2,1e-05,4000,14,2849
"15",0.01,0.2,1e-05,4000,15,1304
"16",0.01,0.2,1e-05,4000,16,1784
"17",0.01,0.2,1e-05,4000,17,1842
"18",0.01,0.2,1e-05,4000,18,2224
"19",0.01,0.2,1e-05,4000,19,1199
"20",0.01,0.2,1e-05,4000,20,1988
"21",0.01,0.2,1e-05,4000,21,2359
"22",0.01,0.2,1e-05,4000,22,1268
"23",0.01,0.2,1e-05,4000,23,1556
"24",0.01,0.2,1e-05,4000,24,2440
"25",0.01,0.2,1e-05,4000,25,2273
"26",0.01,0.2,1e-05,4000,26,2068
"27",0.01,0.2,1e-05,4000,27,1731
"28",0.01,0.2,1e-05,4000,28,1276
"29",0.01,0.2,1e-05,4000,29,1466
"30",0.01,0.2,1e-05,4000,30,2000
"31",0.01,0.2,1e-05,4000,31,1585
"32",0.01,0.2,1e-05,4000,32,1930
"33",0.01,0.2,1e-05,4000,33,2097
"34",0.01,0.2,1e-05,4000,34,1685
"35",0.01,0.2,1e-05,4000,35,1207
"36",0.01,0.2,1e-05,4000,36,1889
"37",0.01,0.2,1e-05,4000,37,2860
"38",0.01,0.2,1e-05,4000,38,2432
"39",0.01,0.2,1e-05,4000,39,2076
"40",0.01,0.2,1e-05,4000,40,1062
"41",0.01,0.2,1e-05,4000,41,1608
"42",0.01,0.2,1e-05,4000,42,1340
"43",0.01,0.2,1e-05,4000,43,1755
"44",0.01,0.2,1e-05,4000,44,1650
"45",0.01,0.2,1e-05,4000,45,1630
"46",0.01,0.2,1e-05,4000,46,1763
"47",0.01,0.2,1e-05,4000,47,2063
"48",0.01,0.2,1e-05,4000,48,1821
"49",0.01,0.2,1e-05,4000,49,1270
"50",0.01,0.2,1e-05,4000,50,1629
"51",0.01,0.2,1e-05,4000,51,1222
"52",0.01,0.2,1e-05,4000,52,1587
"53",0.01,0.2,1e-05,4000,53,2641
"54",0.01,0.2,1e-05,4000,54,1483
"55",0.01,0.2,1e-05,4000,55,2058
"56",0.01,0.2,1e-05,4000,56,1827
"57",0.01,0.2,1e-05,4000,57,1339
"58",0.01,0.2,1e-05,4000,58,2338
"59",0.01,0.2,1e-05,4000,59,2890
"60",0.01,0.2,1e-05,4000,60,2345
"61",0.01,0.2,1e-05,4000,61,1196
"62",0.01,0.2,1e-05,4000,62,2305
"63",0.01,0.2,1e-05,4000,63,1567
"64",0.01,0.2,1e-05,4000,64,2121
"65",0.01,0.2,1e-05,4000,65,2205
"66",0.01,0.2,1e-05,4000,66,1663
"67",0.01,0.2,1e-05,4000,67,1103
"68",0.01,0.2,1e-05,4000,68,1653
"69",0.01,0.2,1e-05,4000,69,1651
"70",0.01,0.2,1e-05,4000,70,1804
"71",0.01,0.2,1e-05,4000,71,2544
"72",0.01,0.2,1e-05,4000,72,2852
"73",0.01,0.2,1e-05,4000,73,1826
"74",0.01,0.2,1e-05,4000,74,1705
"75",0.01,0.2,1e-05,4000,75,2567
"76",0.01,0.2,1e-05,4000,76,1224
"77",0.01,0.2,1e-05,4000,77,2455
"78",0.01,0.2,1e-05,4000,78,1704
"79",0.01,0.2,1e-05,4000,79,1947
"80",0.01,0.2,1e-05,4000,80,2727
"81",0.01,0.2,1e-05,4000,81,1886
"82",0.01,0.2,1e-05,4000,82,1804
"83",0.01,0.2,1e-05,4000,83,1604
"84",0.01,0.2,1e-05,4000,84,1486
"85",0.01,0.2,1e-05,4000,85,2074
"86",0.01,0.2,1e-05,4000,86,2127
"87",0.01,0.2,1e-05,4000,87,2142
"88",0.01,0.2,1e-05,4000,88,1123
"89",0.01,0.2,1e-05,4000,89,998
"90",0.01,0.2,1e-05,4000,90,2552
"91",0.01,0.2,1e-05,4000,91,1795
"92",0.01,0.2,1e-05,4000,92,1221
"93",0.01,0.2,1e-05,4000,93,1664
"94",0.01,0.2,1e-05,4000,94,2860
"95",0.01,0.2,1e-05,4000,95,1584
"96",0.01,0.2,1e-05,4000,96,1787
"97",0.01,0.2,1e-05,4000,97,1870
"98",0.01,0.2,1e-05,4000,98,1617
"99",0.01,0.2,1e-05,4000,99,1324
"100",0.01,0.2,1e-05,4000,100,1255
"101",0.01,0.2,1e-06,4000,1,4237
"102",0.01,0.2,1e-06,4000,2,3981
"103",0.01,0.2,1e-06,4000,3,3879
"104",0.01,0.2,1e-06,4000,4,3710
"105",0.01,0.2,1e-06,4000,5,3404
"106",0.01,0.2,1e-06,4000,6,4302
"107",0.01,0.2,1e-06,4000,7,4808
"108",0.01,0.2,1e-06,4000,8,4084
"109",0.01,0.2,1e-06,4000,9,3125
"110",0.01,0.2,1e-06,4000,10,3332
"111",0.01,0.2,1e-06,4000,11,2908
"112",0.01,0.2,1e-06,4000,12,2998
"113",0.01,0.2,1e-06,4000,13,3890
"114",0.01,0.2,1e-06,4000,14,4167
"115",0.01,0.2,1e-06,4000,15,3462
"116",0.01,0.2,1e-06,4000,16,3401
"117",0.01,0.2,1e-06,4000,17,3299
"118",0.01,0.2,1e-06,4000,18,4840
"119",0.01,0.2,1e-06,4000,19,3677
"120",0.01,0.2,1e-06,4000,20,2619
"121",0.01,0.2,1e-06,4000,21,3528
"122",0.01,0.2,1e-06,4000,22,3472
"123",0.01,0.2,1e-06,4000,23,3556
"124",0.01,0.2,1e-06,4000,24,3907
"125",0.01,0.2,1e-06,4000,25,3423
"126",0.01,0.2,1e-06,4000,26,3442
"127",0.01,0.2,1e-06,4000,27,4461
"128",0.01,0.2,1e-06,4000,28,2846
"129",0.01,0.2,1e-06,4000,29,4159
"130",0.01,0.2,1e-06,4000,30,3800
"131",0.01,0.2,1e-06,4000,31,3220
"132",0.01,0.2,1e-06,4000,32,4399
"133",0.01,0.2,1e-06,4000,33,3486
"134",0.01,0.2,1e-06,4000,34,3268
"135",0.01,0.2,1e-06,4000,35,3905
"136",0.01,0.2,1e-06,4000,36,3911
"137",0.01,0.2,1e-06,4000,37,3816
"138",0.01,0.2,1e-06,4000,38,3565
"139",0.01,0.2,1e-06,4000,39,3582
"140",0.01,0.2,1e-06,4000,40,4163
"141",0.01,0.2,1e-06,4000,41,3241
"142",0.01,0.2,1e-06,4000,42,4493
"143",0.01,0.2,1e-06,4000,43,4811
"144",0.01,0.2,1e-06,4000,44,4071
"145",0.01,0.2,1e-06,4000,45,4182
"146",0.01,0.2,1e-06,4000,46,3160
"147",0.01,0.2,1e-06,4000,47,3239
"148",0.01,0.2,1e-06,4000,48,2649
"149",0.01,0.2,1e-06,4000,49,4232
"150",0.01,0.2,1e-06,4000,50,3713
"151",0.01,0.2,1e-06,4000,51,4931
"152",0.01,0.2,1e-06,4000,52,4403
"153",0.01,0.2,1e-06,4000,53,3730
"154",0.01,0.2,1e-06,4000,54,3821
"155",0.01,0.2,1e-06,4000,55,3505
"156",0.01,0.2,1e-06,4000,56,3094
"157",0.01,0.2,1e-06,4000,57,4542
"158",0.01,0.2,1e-06,4000,58,3923
"159",0.01,0.2,1e-06,4000,59,3035
"160",0.01,0.2,1e-06,4000,60,3367
"161",0.01,0.2,1e-06,4000,61,4819
"162",0.01,0.2,1e-06,4000,62,4770
"163",0.01,0.2,1e-06,4000,63,6027
"164",0.01,0.2,1e-06,4000,64,3588
"165",0.01,0.2,1e-06,4000,65,4919
"166",0.01,0.2,1e-06,4000,66,3668
"167",0.01,0.2,1e-06,4000,67,3674
"168",0.01,0.2,1e-06,4000,68,4976
"169",0.01,0.2,1e-06,4000,69,6735
"170",0.01,0.2,1e-06,4000,70,4013
"171",0.01,0.2,1e-06,4000,71,3640
"172",0.01,0.2,1e-06,4000,72,3594
"173",0.01,0.2,1e-06,4000,73,4163
"174",0.01,0.2,1e-06,4000,74,2890
"175",0.01,0.2,1e-06,4000,75,3522
"176",0.01,0.2,1e-06,4000,76,4085
"177",0.01,0.2,1e-06,4000,77,4450
"178",0.01,0.2,1e-06,4000,78,3856
"179",0.01,0.2,1e-06,4000,79,4094
"180",0.01,0.2,1e-06,4000,80,3495
"181",0.01,0.2,1e-06,4000,81,4476
"182",0.01,0.2,1e-06,4000,82,3219
"183",0.01,0.2,1e-06,4000,83,3754
"184",0.01,0.2,1e-06,4000,84,4671
"185",0.01,0.2,1e-06,4000,85,3209
"186",0.01,0.2,1e-06,4000,86,3436
"187",0.01,0.2,1e-06,4000,87,4972
"188",0.01,0.2,1e-06,4000,88,6264
"189",0.01,0.2,1e-06,4000,89,2834
"190",0.01,0.2,1e-06,4000,90,3821
"191",0.01,0.2,1e-06,4000,91,4738
"192",0.01,0.2,1e-06,4000,92,3991
"193",0.01,0.2,1e-06,4000,93,4114
"194",0.01,0.2,1e-06,4000,94,3049
"195",0.01,0.2,1e-06,4000,95,5086
"196",0.01,0.2,1e-06,4000,96,3343
"197",0.01,0.2,1e-06,4000,97,4400
"198",0.01,0.2,1e-06,4000,98,4001
"199",0.01,0.2,1e-06,4000,99,4957
"200",0.01,0.2,1e-06,4000,100,3201
"201",0.01,0.2,1e-07,4000,1,26143
"202",0.01,0.2,1e-07,4000,2,23900
"203",0.01,0.2,1e-07,4000,3,24599
"204",0.01,0.2,1e-07,4000,4,26626
"205",0.01,0.2,1e-07,4000,5,24883
"206",0.01,0.2,1e-07,4000,6,25787
"207",0.01,0.2,1e-07,4000,7,24305
"208",0.01,0.2,1e-07,4000,8,26980
"209",0.01,0.2,1e-07,4000,9,24512
"210",0.01,0.2,1e-07,4000,10,25593
"211",0.01,0.2,1e-07,4000,11,25034
"212",0.01,0.2,1e-07,4000,12,24488
"213",0.01,0.2,1e-07,4000,13,27888
"214",0.01,0.2,1e-07,4000,14,24708
"215",0.01,0.2,1e-07,4000,15,28436
"216",0.01,0.2,1e-07,4000,16,24115
"217",0.01,0.2,1e-07,4000,17,25181
"218",0.01,0.2,1e-07,4000,18,23293
"219",0.01,0.2,1e-07,4000,19,24404
"220",0.01,0.2,1e-07,4000,20,24442
"221",0.01,0.2,1e-07,4000,21,25673
"222",0.01,0.2,1e-07,4000,22,23681
"223",0.01,0.2,1e-07,4000,23,24901
"224",0.01,0.2,1e-07,4000,24,25865
"225",0.01,0.2,1e-07,4000,25,27023
"226",0.01,0.2,1e-07,4000,26,25823
"227",0.01,0.2,1e-07,4000,27,23763
"228",0.01,0.2,1e-07,4000,28,25269
"229",0.01,0.2,1e-07,4000,29,23863
"230",0.01,0.2,1e-07,4000,30,24503
"231",0.01,0.2,1e-07,4000,31,23972
"232",0.01,0.2,1e-07,4000,32,25386
"233",0.01,0.2,1e-07,4000,33,24600
"234",0.01,0.2,1e-07,4000,34,25055
"235",0.01,0.2,1e-07,4000,35,25461
"236",0.01,0.2,1e-07,4000,36,26593
"237",0.01,0.2,1e-07,4000,37,28191
"238",0.01,0.2,1e-07,4000,38,24218
"239",0.01,0.2,1e-07,4000,39,25760
"240",0.01,0.2,1e-07,4000,40,25111
"241",0.01,0.2,1e-07,4000,41,24336
"242",0.01,0.2,1e-07,4000,42,25992
"243",0.01,0.2,1e-07,4000,43,24358
"244",0.01,0.2,1e-07,4000,44,26452
"245",0.01,0.2,1e-07,4000,45,24517
"246",0.01,0.2,1e-07,4000,46,24773
"247",0.01,0.2,1e-07,4000,47,26860
"248",0.01,0.2,1e-07,4000,48,26314
"249",0.01,0.2,1e-07,4000,49,27527
"250",0.01,0.2,1e-07,4000,50,26731
"251",0.01,0.2,1e-07,4000,51,28104
"252",0.01,0.2,1e-07,4000,52,26863
"253",0.01,0.2,1e-07,4000,53,24665
"254",0.01,0.2,1e-07,4000,54,25168
"255",0.01,0.2,1e-07,4000,55,25110
"256",0.01,0.2,1e-07,4000,56,22855
"257",0.01,0.2,1e-07,4000,57,25493
"258",0.01,0.2,1e-07,4000,58,27356
"259",0.01,0.2,1e-07,4000,59,27034
"260",0.01,0.2,1e-07,4000,60,26711
"261",0.01,0.2,1e-07,4000,61,26976
"262",0.01,0.2,1e-07,4000,62,25848
"263",0.01,0.2,1e-07,4000,63,22020
"264",0.01,0.2,1e-07,4000,64,26286
"265",0.01,0.2,1e-07,4000,65,24255
"266",0.01,0.2,1e-07,4000,66,23640
"267",0.01,0.2,1e-07,4000,67,27308
"268",0.01,0.2,1e-07,4000,68,25196
"269",0.01,0.2,1e-07,4000,69,27855
"270",0.01,0.2,1e-07,4000,70,25354
"271",0.01,0.2,1e-07,4000,71,26231
"272",0.01,0.2,1e-07,4000,72,22037
"273",0.01,0.2,1e-07,4000,73,27908
"274",0.01,0.2,1e-07,4000,74,25528
"275",0.01,0.2,1e-07,4000,75,24061
"276",0.01,0.2,1e-07,4000,76,26120
"277",0.01,0.2,1e-07,4000,77,25611
"278",0.01,0.2,1e-07,4000,78,26858
"279",0.01,0.2,1e-07,4000,79,24980
"280",0.01,0.2,1e-07,4000,80,28148
"281",0.01,0.2,1e-07,4000,81,23737
"282",0.01,0.2,1e-07,4000,82,27024
"283",0.01,0.2,1e-07,4000,83,25732
"284",0.01,0.2,1e-07,4000,84,24653
"285",0.01,0.2,1e-07,4000,85,23651
"286",0.01,0.2,1e-07,4000,86,25792
"287",0.01,0.2,1e-07,4000,87,26885
"288",0.01,0.2,1e-07,4000,88,24498
"289",0.01,0.2,1e-07,4000,89,26301
"290",0.01,0.2,1e-07,4000,90,26368
"291",0.01,0.2,1e-07,4000,91,27015
"292",0.01,0.2,1e-07,4000,92,24719
"293",0.01,0.2,1e-07,4000,93,25088
"294",0.01,0.2,1e-07,4000,94,25379
"295",0.01,0.2,1e-07,4000,95,26260
"296",0.01,0.2,1e-07,4000,96,24226
"297",0.01,0.2,1e-07,4000,97,25432
"298",0.01,0.2,1e-07,4000,98,24796
"299",0.01,0.2,1e-07,4000,99,24760
"300",0.01,0.2,1e-07,4000,100,28082
"301",0.01,0.2,1e-08,4000,1,201021
"302",0.01,0.2,1e-08,4000,2,205835
"303",0.01,0.2,1e-08,4000,3,209559
"304",0.01,0.2,1e-08,4000,4,214376
"305",0.01,0.2,1e-08,4000,5,213164
"306",0.01,0.2,1e-08,4000,6,206511
"307",0.01,0.2,1e-08,4000,7,208944
"308",0.01,0.2,1e-08,4000,8,207495
"309",0.01,0.2,1e-08,4000,9,212328
"310",0.01,0.2,1e-08,4000,10,209955
"311",0.01,0.2,1e-08,4000,11,210373
"312",0.01,0.2,1e-08,4000,12,209829
"313",0.01,0.2,1e-08,4000,13,206326
"314",0.01,0.2,1e-08,4000,14,209344
"315",0.01,0.2,1e-08,4000,15,212252
"316",0.01,0.2,1e-08,4000,16,209246
"317",0.01,0.2,1e-08,4000,17,213053
"318",0.01,0.2,1e-08,4000,18,198791
"319",0.01,0.2,1e-08,4000,19,205269
"320",0.01,0.2,1e-08,4000,20,212105
"321",0.01,0.2,1e-08,4000,21,207152
"322",0.01,0.2,1e-08,4000,22,209366
"323",0.01,0.2,1e-08,4000,23,203950
"324",0.01,0.2,1e-08,4000,24,208676
"325",0.01,0.2,1e-08,4000,25,212791
"326",0.01,0.2,1e-08,4000,26,208047
"327",0.01,0.2,1e-08,4000,27,208888
"328",0.01,0.2,1e-08,4000,28,210464
"329",0.01,0.2,1e-08,4000,29,203634
"330",0.01,0.2,1e-08,4000,30,208049
"331",0.01,0.2,1e-08,4000,31,213083
"332",0.01,0.2,1e-08,4000,32,212078
"333",0.01,0.2,1e-08,4000,33,207889
"334",0.01,0.2,1e-08,4000,34,212684
"335",0.01,0.2,1e-08,4000,35,203444
"336",0.01,0.2,1e-08,4000,36,210183
"337",0.01,0.2,1e-08,4000,37,211208
"338",0.01,0.2,1e-08,4000,38,204975
"339",0.01,0.2,1e-08,4000,39,205262
"340",0.01,0.2,1e-08,4000,40,216247
"341",0.01,0.2,1e-08,4000,41,206918
"342",0.01,0.2,1e-08,4000,42,206132
"343",0.01,0.2,1e-08,4000,43,207923
"344",0.01,0.2,1e-08,4000,44,209478
"345",0.01,0.2,1e-08,4000,45,211523
"346",0.01,0.2,1e-08,4000,46,208814
"347",0.01,0.2,1e-08,4000,47,209770
"348",0.01,0.2,1e-08,4000,48,209751
"349",0.01,0.2,1e-08,4000,49,213095
"350",0.01,0.2,1e-08,4000,50,211442
"351",0.01,0.2,1e-08,4000,51,215843
"352",0.01,0.2,1e-08,4000,52,210183
"353",0.01,0.2,1e-08,4000,53,216256
"354",0.01,0.2,1e-08,4000,54,209359
"355",0.01,0.2,1e-08,4000,55,202816
"356",0.01,0.2,1e-08,4000,56,209555
"357",0.01,0.2,1e-08,4000,57,213896
"358",0.01,0.2,1e-08,4000,58,212864
"359",0.01,0.2,1e-08,4000,59,208688
"360",0.01,0.2,1e-08,4000,60,206937
"361",0.01,0.2,1e-08,4000,61,213181
"362",0.01,0.2,1e-08,4000,62,213935
"363",0.01,0.2,1e-08,4000,63,210085
"364",0.01,0.2,1e-08,4000,64,202629
"365",0.01,0.2,1e-08,4000,65,217059
"366",0.01,0.2,1e-08,4000,66,212581
"367",0.01,0.2,1e-08,4000,67,208211
"368",0.01,0.2,1e-08,4000,68,212744
"369",0.01,0.2,1e-08,4000,69,217184
"370",0.01,0.2,1e-08,4000,70,218663
"371",0.01,0.2,1e-08,4000,71,207375
"372",0.01,0.2,1e-08,4000,72,209528
"373",0.01,0.2,1e-08,4000,73,213431
"374",0.01,0.2,1e-08,4000,74,217541
"375",0.01,0.2,1e-08,4000,75,201877
"376",0.01,0.2,1e-08,4000,76,206139
"377",0.01,0.2,1e-08,4000,77,208010
"378",0.01,0.2,1e-08,4000,78,208343
"379",0.01,0.2,1e-08,4000,79,211165
"380",0.01,0.2,1e-08,4000,80,206960
"381",0.01,0.2,1e-08,4000,81,210065
"382",0.01,0.2,1e-08,4000,82,207721
"383",0.01,0.2,1e-08,4000,83,213152
"384",0.01,0.2,1e-08,4000,84,209906
"385",0.01,0.2,1e-08,4000,85,209291
"386",0.01,0.2,1e-08,4000,86,209799
"387",0.01,0.2,1e-08,4000,87,203856
"388",0.01,0.2,1e-08,4000,88,206723
"389",0.01,0.2,1e-08,4000,89,204788
"390",0.01,0.2,1e-08,4000,90,209809
"391",0.01,0.2,1e-08,4000,91,208818
"392",0.01,0.2,1e-08,4000,92,211090
"393",0.01,0.2,1e-08,4000,93,209940
"394",0.01,0.2,1e-08,4000,94,203398
"395",0.01,0.2,1e-08,4000,95,207603
"396",0.01,0.2,1e-08,4000,96,214886
"397",0.01,0.2,1e-08,4000,97,204954
"398",0.01,0.2,1e-08,4000,98,211406
"399",0.01,0.2,1e-08,4000,99,210416
"400",0.01,0.2,1e-08,4000,100,218766
"401",0.01,0.2,1e-09,4000,1,333315
"402",0.01,0.2,1e-09,4000,2,336040
"403",0.01,0.2,1e-09,4000,3,327509
"404",0.01,0.2,1e-09,4000,4,329566
"405",0.01,0.2,1e-09,4000,5,330065
"406",0.01,0.2,1e-09,4000,6,329439
"407",0.01,0.2,1e-09,4000,7,330438
"408",0.01,0.2,1e-09,4000,8,332174
"409",0.01,0.2,1e-09,4000,9,329849
"410",0.01,0.2,1e-09,4000,10,331025
"411",0.01,0.2,1e-09,4000,11,333658
"412",0.01,0.2,1e-09,4000,12,334514
"413",0.01,0.2,1e-09,4000,13,330014
"414",0.01,0.2,1e-09,4000,14,331705
"415",0.01,0.2,1e-09,4000,15,331844
"416",0.01,0.2,1e-09,4000,16,332383
"417",0.01,0.2,1e-09,4000,17,329605
"418",0.01,0.2,1e-09,4000,18,326183
"419",0.01,0.2,1e-09,4000,19,337147
"420",0.01,0.2,1e-09,4000,20,329115
"421",0.01,0.2,1e-09,4000,21,333877
"422",0.01,0.2,1e-09,4000,22,332089
"423",0.01,0.2,1e-09,4000,23,336805
"424",0.01,0.2,1e-09,4000,24,332807
"425",0.01,0.2,1e-09,4000,25,334305
"426",0.01,0.2,1e-09,4000,26,336195
"427",0.01,0.2,1e-09,4000,27,327159
"428",0.01,0.2,1e-09,4000,28,330720
"429",0.01,0.2,1e-09,4000,29,329978
"430",0.01,0.2,1e-09,4000,30,333960
"431",0.01,0.2,1e-09,4000,31,331626
"432",0.01,0.2,1e-09,4000,32,332251
"433",0.01,0.2,1e-09,4000,33,336436
"434",0.01,0.2,1e-09,4000,34,328052
"435",0.01,0.2,1e-09,4000,35,334172
"436",0.01,0.2,1e-09,4000,36,325759
"437",0.01,0.2,1e-09,4000,37,330605
"438",0.01,0.2,1e-09,4000,38,329325
"439",0.01,0.2,1e-09,4000,39,335778
"440",0.01,0.2,1e-09,4000,40,329750
"441",0.01,0.2,1e-09,4000,41,334080
"442",0.01,0.2,1e-09,4000,42,335615
"443",0.01,0.2,1e-09,4000,43,330326
"444",0.01,0.2,1e-09,4000,44,334022
"445",0.01,0.2,1e-09,4000,45,328931
"446",0.01,0.2,1e-09,4000,46,332759
"447",0.01,0.2,1e-09,4000,47,326556
"448",0.01,0.2,1e-09,4000,48,332108
"449",0.01,0.2,1e-09,4000,49,334716
"450",0.01,0.2,1e-09,4000,50,326849
"451",0.01,0.2,1e-09,4000,51,328290
"452",0.01,0.2,1e-09,4000,52,329251
"453",0.01,0.2,1e-09,4000,53,334368
"454",0.01,0.2,1e-09,4000,54,326635
"455",0.01,0.2,1e-09,4000,55,328708
"456",0.01,0.2,1e-09,4000,56,331109
"457",0.01,0.2,1e-09,4000,57,330513
"458",0.01,0.2,1e-09,4000,58,334217
"459",0.01,0.2,1e-09,4000,59,332682
"460",0.01,0.2,1e-09,4000,60,330187
"461",0.01,0.2,1e-09,4000,61,334331
"462",0.01,0.2,1e-09,4000,62,333331
"463",0.01,0.2,1e-09,4000,63,334941
"464",0.01,0.2,1e-09,4000,64,327140
"465",0.01,0.2,1e-09,4000,65,330252
"466",0.01,0.2,1e-09,4000,66,336282
"467",0.01,0.2,1e-09,4000,67,325232
"468",0.01,0.2,1e-09,4000,68,333606
"469",0.01,0.2,1e-09,4000,69,334251
"470",0.01,0.2,1e-09,4000,70,335983
"471",0.01,0.2,1e-09,4000,71,330109
"472",0.01,0.2,1e-09,4000,72,330226
"473",0.01,0.2,1e-09,4000,73,333499
"474",0.01,0.2,1e-09,4000,74,329372
"475",0.01,0.2,1e-09,4000,75,330093
"476",0.01,0.2,1e-09,4000,76,330433
"477",0.01,0.2,1e-09,4000,77,327788
"478",0.01,0.2,1e-09,4000,78,332830
"479",0.01,0.2,1e-09,4000,79,335044
"480",0.01,0.2,1e-09,4000,80,332226
"481",0.01,0.2,1e-09,4000,81,329725
"482",0.01,0.2,1e-09,4000,82,339096
"483",0.01,0.2,1e-09,4000,83,327989
"484",0.01,0.2,1e-09,4000,84,334549
"485",0.01,0.2,1e-09,4000,85,326489
"486",0.01,0.2,1e-09,4000,86,332364
"487",0.01,0.2,1e-09,4000,87,333319
"488",0.01,0.2,1e-09,4000,88,333578
"489",0.01,0.2,1e-09,4000,89,327335
"490",0.01,0.2,1e-09,4000,90,330004
"491",0.01,0.2,1e-09,4000,91,324849
"492",0.01,0.2,1e-09,4000,92,332454
"493",0.01,0.2,1e-09,4000,93,332653
"494",0.01,0.2,1e-09,4000,94,328928
"495",0.01,0.2,1e-09,4000,95,327614
"496",0.01,0.2,1e-09,4000,96,329013
"497",0.01,0.2,1e-09,4000,97,330292
"498",0.01,0.2,1e-09,4000,98,337345
"499",0.01,0.2,1e-09,4000,99,329861
"500",0.01,0.2,1e-09,4000,100,327344
"501",0.01,0.2,1e-10,4000,1,343488
"502",0.01,0.2,1e-10,4000,2,351052
"503",0.01,0.2,1e-10,4000,3,349258
"504",0.01,0.2,1e-10,4000,4,347284
"505",0.01,0.2,1e-10,4000,5,345668
"506",0.01,0.2,1e-10,4000,6,343111
"507",0.01,0.2,1e-10,4000,7,345616
"508",0.01,0.2,1e-10,4000,8,344496
"509",0.01,0.2,1e-10,4000,9,348089
"510",0.01,0.2,1e-10,4000,10,345431
"511",0.01,0.2,1e-10,4000,11,347776
"512",0.01,0.2,1e-10,4000,12,347219
"513",0.01,0.2,1e-10,4000,13,350680
"514",0.01,0.2,1e-10,4000,14,345802
"515",0.01,0.2,1e-10,4000,15,342914
"516",0.01,0.2,1e-10,4000,16,350041
"517",0.01,0.2,1e-10,4000,17,349068
"518",0.01,0.2,1e-10,4000,18,348637
"519",0.01,0.2,1e-10,4000,19,349510
"520",0.01,0.2,1e-10,4000,20,348838
"521",0.01,0.2,1e-10,4000,21,346589
"522",0.01,0.2,1e-10,4000,22,344057
"523",0.01,0.2,1e-10,4000,23,344608
"524",0.01,0.2,1e-10,4000,24,345554
"525",0.01,0.2,1e-10,4000,25,348158
"526",0.01,0.2,1e-10,4000,26,347672
"527",0.01,0.2,1e-10,4000,27,345324
"528",0.01,0.2,1e-10,4000,28,345237
"529",0.01,0.2,1e-10,4000,29,344929
"530",0.01,0.2,1e-10,4000,30,349201
"531",0.01,0.2,1e-10,4000,31,346095
"532",0.01,0.2,1e-10,4000,32,349838
"533",0.01,0.2,1e-10,4000,33,345233
"534",0.01,0.2,1e-10,4000,34,347543
"535",0.01,0.2,1e-10,4000,35,347999
"536",0.01,0.2,1e-10,4000,36,343944
"537",0.01,0.2,1e-10,4000,37,343686
"538",0.01,0.2,1e-10,4000,38,344852
"539",0.01,0.2,1e-10,4000,39,349091
"540",0.01,0.2,1e-10,4000,40,350017
"541",0.01,0.2,1e-10,4000,41,344312
"542",0.01,0.2,1e-10,4000,42,346409
"543",0.01,0.2,1e-10,4000,43,345116
"544",0.01,0.2,1e-10,4000,44,348993
"545",0.01,0.2,1e-10,4000,45,345657
"546",0.01,0.2,1e-10,4000,46,344778
"547",0.01,0.2,1e-10,4000,47,346005
"548",0.01,0.2,1e-10,4000,48,349525
"549",0.01,0.2,1e-10,4000,49,343557
"550",0.01,0.2,1e-10,4000,50,344098
"551",0.01,0.2,1e-10,4000,51,347587
"552",0.01,0.2,1e-10,4000,52,347990
"553",0.01,0.2,1e-10,4000,53,350673
"554",0.01,0.2,1e-10,4000,54,350026
"555",0.01,0.2,1e-10,4000,55,345888
"556",0.01,0.2,1e-10,4000,56,347413
"557",0.01,0.2,1e-10,4000,57,345369
"558",0.01,0.2,1e-10,4000,58,342210
"559",0.01,0.2,1e-10,4000,59,341212
"560",0.01,0.2,1e-10,4000,60,349150
"561",0.01,0.2,1e-10,4000,61,348856
"562",0.01,0.2,1e-10,4000,62,351498
"563",0.01,0.2,1e-10,4000,63,343840
"564",0.01,0.2,1e-10,4000,64,346840
"565",0.01,0.2,1e-10,4000,65,346638
"566",0.01,0.2,1e-10,4000,66,349234
"567",0.01,0.2,1e-10,4000,67,349456
"568",0.01,0.2,1e-10,4000,68,343242
"569",0.01,0.2,1e-10,4000,69,347771
"570",0.01,0.2,1e-10,4000,70,345716
"571",0.01,0.2,1e-10,4000,71,349165
"572",0.01,0.2,1e-10,4000,72,347544
"573",0.01,0.2,1e-10,4000,73,346827
"574",0.01,0.2,1e-10,4000,74,351261
"575",0.01,0.2,1e-10,4000,75,345275
"576",0.01,0.2,1e-10,4000,76,347894
"577",0.01,0.2,1e-10,4000,77,348451
"578",0.01,0.2,1e-10,4000,78,348149
"579",0.01,0.2,1e-10,4000,79,344302
"580",0.01,0.2,1e-10,4000,80,348053
"581",0.01,0.2,1e-10,4000,81,350517
"582",0.01,0.2,1e-10,4000,82,350899
"583",0.01,0.2,1e-10,4000,83,346146
"584",0.01,0.2,1e-10,4000,84,346200
"585",0.01,0.2,1e-10,4000,85,350082
"586",0.01,0.2,1e-10,4000,86,347976
"587",0.01,0.2,1e-10,4000,87,346305
"588",0.01,0.2,1e-10,4000,88,343224
"589",0.01,0.2,1e-10,4000,89,344421
"590",0.01,0.2,1e-10,4000,90,347451
"591",0.01,0.2,1e-10,4000,91,351480
"592",0.01,0.2,1e-10,4000,92,347919
"593",0.01,0.2,1e-10,4000,93,346818
"594",0.01,0.2,1e-10,4000,94,345681
"595",0.01,0.2,1e-10,4000,95,347352
"596",0.01,0.2,1e-10,4000,96,349135
"597",0.01,0.2,1e-10,4000,97,340572
"598",0.01,0.2,1e-10,4000,98,346615
"599",0.01,0.2,1e-10,4000,99,347583
"600",0.01,0.2,1e-10,4000,100,342741
"601",0.01,0.2,1e-11,4000,1,349261
"602",0.01,0.2,1e-11,4000,2,348974
"603",0.01,0.2,1e-11,4000,3,344018
"604",0.01,0.2,1e-11,4000,4,349251
"605",0.01,0.2,1e-11,4000,5,346641
"606",0.01,0.2,1e-11,4000,6,347213
"607",0.01,0.2,1e-11,4000,7,347698
"608",0.01,0.2,1e-11,4000,8,352654
"609",0.01,0.2,1e-11,4000,9,350479
"610",0.01,0.2,1e-11,4000,10,351642
"611",0.01,0.2,1e-11,4000,11,347840
"612",0.01,0.2,1e-11,4000,12,352065
"613",0.01,0.2,1e-11,4000,13,344538
"614",0.01,0.2,1e-11,4000,14,345882
"615",0.01,0.2,1e-11,4000,15,350630
"616",0.01,0.2,1e-11,4000,16,348622
"617",0.01,0.2,1e-11,4000,17,347507
"618",0.01,0.2,1e-11,4000,18,342395
"619",0.01,0.2,1e-11,4000,19,350844
"620",0.01,0.2,1e-11,4000,20,348179
"621",0.01,0.2,1e-11,4000,21,349182
"622",0.01,0.2,1e-11,4000,22,352101
"623",0.01,0.2,1e-11,4000,23,344925
"624",0.01,0.2,1e-11,4000,24,349635
"625",0.01,0.2,1e-11,4000,25,351367
"626",0.01,0.2,1e-11,4000,26,347612
"627",0.01,0.2,1e-11,4000,27,350183
"628",0.01,0.2,1e-11,4000,28,349049
"629",0.01,0.2,1e-11,4000,29,352060
"630",0.01,0.2,1e-11,4000,30,348388
"631",0.01,0.2,1e-11,4000,31,350399
"632",0.01,0.2,1e-11,4000,32,351408
"633",0.01,0.2,1e-11,4000,33,347475
"634",0.01,0.2,1e-11,4000,34,350778
"635",0.01,0.2,1e-11,4000,35,349580
"636",0.01,0.2,1e-11,4000,36,349962
"637",0.01,0.2,1e-11,4000,37,348346
"638",0.01,0.2,1e-11,4000,38,351941
"639",0.01,0.2,1e-11,4000,39,350166
"640",0.01,0.2,1e-11,4000,40,349550
"641",0.01,0.2,1e-11,4000,41,347880
"642",0.01,0.2,1e-11,4000,42,346010
"643",0.01,0.2,1e-11,4000,43,352141
"644",0.01,0.2,1e-11,4000,44,351486
"645",0.01,0.2,1e-11,4000,45,350564
"646",0.01,0.2,1e-11,4000,46,349893
"647",0.01,0.2,1e-11,4000,47,351601
"648",0.01,0.2,1e-11,4000,48,347546
"649",0.01,0.2,1e-11,4000,49,349033
"650",0.01,0.2,1e-11,4000,50,352910
"651",0.01,0.2,1e-11,4000,51,351584
"652",0.01,0.2,1e-11,4000,52,347021
"653",0.01,0.2,1e-11,4000,53,348403
"654",0.01,0.2,1e-11,4000,54,350719
"655",0.01,0.2,1e-11,4000,55,344753
"656",0.01,0.2,1e-11,4000,56,346294
"657",0.01,0.2,1e-11,4000,57,351187
"658",0.01,0.2,1e-11,4000,58,349008
"659",0.01,0.2,1e-11,4000,59,344096
"660",0.01,0.2,1e-11,4000,60,351057
"661",0.01,0.2,1e-11,4000,61,348715
"662",0.01,0.2,1e-11,4000,62,349181
"663",0.01,0.2,1e-11,4000,63,342876
"664",0.01,0.2,1e-11,4000,64,347333
"665",0.01,0.2,1e-11,4000,65,348077
"666",0.01,0.2,1e-11,4000,66,345845
"667",0.01,0.2,1e-11,4000,67,350407
"668",0.01,0.2,1e-11,4000,68,348212
"669",0.01,0.2,1e-11,4000,69,349029
"670",0.01,0.2,1e-11,4000,70,347465
"671",0.01,0.2,1e-11,4000,71,348433
"672",0.01,0.2,1e-11,4000,72,345961
"673",0.01,0.2,1e-11,4000,73,347370
"674",0.01,0.2,1e-11,4000,74,350404
"675",0.01,0.2,1e-11,4000,75,349230
"676",0.01,0.2,1e-11,4000,76,353466
"677",0.01,0.2,1e-11,4000,77,346649
"678",0.01,0.2,1e-11,4000,78,347282
"679",0.01,0.2,1e-11,4000,79,348677
"680",0.01,0.2,1e-11,4000,80,351807
"681",0.01,0.2,1e-11,4000,81,346376
"682",0.01,0.2,1e-11,4000,82,348752
"683",0.01,0.2,1e-11,4000,83,347861
"684",0.01,0.2,1e-11,4000,84,351552
"685",0.01,0.2,1e-11,4000,85,348058
"686",0.01,0.2,1e-11,4000,86,349887
"687",0.01,0.2,1e-11,4000,87,345508
"688",0.01,0.2,1e-11,4000,88,345926
"689",0.01,0.2,1e-11,4000,89,347092
"690",0.01,0.2,1e-11,4000,90,349095
"691",0.01,0.2,1e-11,4000,91,348634
"692",0.01,0.2,1e-11,4000,92,344848
"693",0.01,0.2,1e-11,4000,93,344590
"694",0.01,0.2,1e-11,4000,94,350824
"695",0.01,0.2,1e-11,4000,95,351035
"696",0.01,0.2,1e-11,4000,96,349220
"697",0.01,0.2,1e-11,4000,97,349388
"698",0.01,0.2,1e-11,4000,98,344599
"699",0.01,0.2,1e-11,4000,99,348161
"700",0.01,0.2,1e-11,4000,100,347666
