"","Selection_coefficient","Dominance_coefficient","GC_rate","Mean_tract_length","Replicate","N_seg_homo_genotypes_GC"
"1",0.01,0.2,1e-05,100,1,1526
"2",0.01,0.2,1e-05,100,2,658
"3",0.01,0.2,1e-05,100,3,1152
"4",0.01,0.2,1e-05,100,4,933
"5",0.01,0.2,1e-05,100,5,603
"6",0.01,0.2,1e-05,100,6,921
"7",0.01,0.2,1e-05,100,7,1174
"8",0.01,0.2,1e-05,100,8,849
"9",0.01,0.2,1e-05,100,9,900
"10",0.01,0.2,1e-05,100,10,746
"11",0.01,0.2,1e-05,100,11,1123
"12",0.01,0.2,1e-05,100,12,1013
"13",0.01,0.2,1e-05,100,13,900
"14",0.01,0.2,1e-05,100,14,1308
"15",0.01,0.2,1e-05,100,15,685
"16",0.01,0.2,1e-05,100,16,713
"17",0.01,0.2,1e-05,100,17,510
"18",0.01,0.2,1e-05,100,18,1021
"19",0.01,0.2,1e-05,100,19,690
"20",0.01,0.2,1e-05,100,20,652
"21",0.01,0.2,1e-05,100,21,1101
"22",0.01,0.2,1e-05,100,22,702
"23",0.01,0.2,1e-05,100,23,807
"24",0.01,0.2,1e-05,100,24,1373
"25",0.01,0.2,1e-05,100,25,690
"26",0.01,0.2,1e-05,100,26,823
"27",0.01,0.2,1e-05,100,27,1105
"28",0.01,0.2,1e-05,100,28,1060
"29",0.01,0.2,1e-05,100,29,597
"30",0.01,0.2,1e-05,100,30,1040
"31",0.01,0.2,1e-05,100,31,1276
"32",0.01,0.2,1e-05,100,32,1156
"33",0.01,0.2,1e-05,100,33,938
"34",0.01,0.2,1e-05,100,34,1041
"35",0.01,0.2,1e-05,100,35,602
"36",0.01,0.2,1e-05,100,36,872
"37",0.01,0.2,1e-05,100,37,633
"38",0.01,0.2,1e-05,100,38,1166
"39",0.01,0.2,1e-05,100,39,788
"40",0.01,0.2,1e-05,100,40,682
"41",0.01,0.2,1e-05,100,41,789
"42",0.01,0.2,1e-05,100,42,1113
"43",0.01,0.2,1e-05,100,43,916
"44",0.01,0.2,1e-05,100,44,767
"45",0.01,0.2,1e-05,100,45,1049
"46",0.01,0.2,1e-05,100,46,1069
"47",0.01,0.2,1e-05,100,47,867
"48",0.01,0.2,1e-05,100,48,780
"49",0.01,0.2,1e-05,100,49,645
"50",0.01,0.2,1e-05,100,50,652
"51",0.01,0.2,1e-05,100,51,817
"52",0.01,0.2,1e-05,100,52,657
"53",0.01,0.2,1e-05,100,53,745
"54",0.01,0.2,1e-05,100,54,1051
"55",0.01,0.2,1e-05,100,55,938
"56",0.01,0.2,1e-05,100,56,614
"57",0.01,0.2,1e-05,100,57,933
"58",0.01,0.2,1e-05,100,58,809
"59",0.01,0.2,1e-05,100,59,895
"60",0.01,0.2,1e-05,100,60,1034
"61",0.01,0.2,1e-05,100,61,779
"62",0.01,0.2,1e-05,100,62,692
"63",0.01,0.2,1e-05,100,63,660
"64",0.01,0.2,1e-05,100,64,506
"65",0.01,0.2,1e-05,100,65,857
"66",0.01,0.2,1e-05,100,66,527
"67",0.01,0.2,1e-05,100,67,530
"68",0.01,0.2,1e-05,100,68,783
"69",0.01,0.2,1e-05,100,69,859
"70",0.01,0.2,1e-05,100,70,1184
"71",0.01,0.2,1e-05,100,71,692
"72",0.01,0.2,1e-05,100,72,964
"73",0.01,0.2,1e-05,100,73,1132
"74",0.01,0.2,1e-05,100,74,930
"75",0.01,0.2,1e-05,100,75,899
"76",0.01,0.2,1e-05,100,76,843
"77",0.01,0.2,1e-05,100,77,746
"78",0.01,0.2,1e-05,100,78,702
"79",0.01,0.2,1e-05,100,79,574
"80",0.01,0.2,1e-05,100,80,857
"81",0.01,0.2,1e-05,100,81,1028
"82",0.01,0.2,1e-05,100,82,1417
"83",0.01,0.2,1e-05,100,83,581
"84",0.01,0.2,1e-05,100,84,800
"85",0.01,0.2,1e-05,100,85,1492
"86",0.01,0.2,1e-05,100,86,822
"87",0.01,0.2,1e-05,100,87,1295
"88",0.01,0.2,1e-05,100,88,520
"89",0.01,0.2,1e-05,100,89,459
"90",0.01,0.2,1e-05,100,90,584
"91",0.01,0.2,1e-05,100,91,751
"92",0.01,0.2,1e-05,100,92,586
"93",0.01,0.2,1e-05,100,93,1002
"94",0.01,0.2,1e-05,100,94,637
"95",0.01,0.2,1e-05,100,95,1046
"96",0.01,0.2,1e-05,100,96,1181
"97",0.01,0.2,1e-05,100,97,768
"98",0.01,0.2,1e-05,100,98,983
"99",0.01,0.2,1e-05,100,99,679
"100",0.01,0.2,1e-05,100,100,979
"101",0.01,0.2,1e-06,100,1,540
"102",0.01,0.2,1e-06,100,2,637
"103",0.01,0.2,1e-06,100,3,945
"104",0.01,0.2,1e-06,100,4,877
"105",0.01,0.2,1e-06,100,5,694
"106",0.01,0.2,1e-06,100,6,729
"107",0.01,0.2,1e-06,100,7,787
"108",0.01,0.2,1e-06,100,8,512
"109",0.01,0.2,1e-06,100,9,582
"110",0.01,0.2,1e-06,100,10,767
"111",0.01,0.2,1e-06,100,11,397
"112",0.01,0.2,1e-06,100,12,466
"113",0.01,0.2,1e-06,100,13,488
"114",0.01,0.2,1e-06,100,14,494
"115",0.01,0.2,1e-06,100,15,509
"116",0.01,0.2,1e-06,100,16,442
"117",0.01,0.2,1e-06,100,17,384
"118",0.01,0.2,1e-06,100,18,695
"119",0.01,0.2,1e-06,100,19,448
"120",0.01,0.2,1e-06,100,20,647
"121",0.01,0.2,1e-06,100,21,410
"122",0.01,0.2,1e-06,100,22,542
"123",0.01,0.2,1e-06,100,23,506
"124",0.01,0.2,1e-06,100,24,433
"125",0.01,0.2,1e-06,100,25,549
"126",0.01,0.2,1e-06,100,26,510
"127",0.01,0.2,1e-06,100,27,938
"128",0.01,0.2,1e-06,100,28,693
"129",0.01,0.2,1e-06,100,29,525
"130",0.01,0.2,1e-06,100,30,943
"131",0.01,0.2,1e-06,100,31,592
"132",0.01,0.2,1e-06,100,32,771
"133",0.01,0.2,1e-06,100,33,718
"134",0.01,0.2,1e-06,100,34,636
"135",0.01,0.2,1e-06,100,35,488
"136",0.01,0.2,1e-06,100,36,1279
"137",0.01,0.2,1e-06,100,37,695
"138",0.01,0.2,1e-06,100,38,617
"139",0.01,0.2,1e-06,100,39,429
"140",0.01,0.2,1e-06,100,40,575
"141",0.01,0.2,1e-06,100,41,681
"142",0.01,0.2,1e-06,100,42,817
"143",0.01,0.2,1e-06,100,43,484
"144",0.01,0.2,1e-06,100,44,546
"145",0.01,0.2,1e-06,100,45,481
"146",0.01,0.2,1e-06,100,46,776
"147",0.01,0.2,1e-06,100,47,659
"148",0.01,0.2,1e-06,100,48,738
"149",0.01,0.2,1e-06,100,49,566
"150",0.01,0.2,1e-06,100,50,458
"151",0.01,0.2,1e-06,100,51,762
"152",0.01,0.2,1e-06,100,52,831
"153",0.01,0.2,1e-06,100,53,603
"154",0.01,0.2,1e-06,100,54,468
"155",0.01,0.2,1e-06,100,55,832
"156",0.01,0.2,1e-06,100,56,481
"157",0.01,0.2,1e-06,100,57,918
"158",0.01,0.2,1e-06,100,58,579
"159",0.01,0.2,1e-06,100,59,1009
"160",0.01,0.2,1e-06,100,60,834
"161",0.01,0.2,1e-06,100,61,533
"162",0.01,0.2,1e-06,100,62,388
"163",0.01,0.2,1e-06,100,63,840
"164",0.01,0.2,1e-06,100,64,1047
"165",0.01,0.2,1e-06,100,65,608
"166",0.01,0.2,1e-06,100,66,655
"167",0.01,0.2,1e-06,100,67,1082
"168",0.01,0.2,1e-06,100,68,532
"169",0.01,0.2,1e-06,100,69,798
"170",0.01,0.2,1e-06,100,70,681
"171",0.01,0.2,1e-06,100,71,844
"172",0.01,0.2,1e-06,100,72,509
"173",0.01,0.2,1e-06,100,73,769
"174",0.01,0.2,1e-06,100,74,1102
"175",0.01,0.2,1e-06,100,75,374
"176",0.01,0.2,1e-06,100,76,712
"177",0.01,0.2,1e-06,100,77,947
"178",0.01,0.2,1e-06,100,78,765
"179",0.01,0.2,1e-06,100,79,452
"180",0.01,0.2,1e-06,100,80,703
"181",0.01,0.2,1e-06,100,81,544
"182",0.01,0.2,1e-06,100,82,506
"183",0.01,0.2,1e-06,100,83,381
"184",0.01,0.2,1e-06,100,84,574
"185",0.01,0.2,1e-06,100,85,530
"186",0.01,0.2,1e-06,100,86,476
"187",0.01,0.2,1e-06,100,87,852
"188",0.01,0.2,1e-06,100,88,694
"189",0.01,0.2,1e-06,100,89,603
"190",0.01,0.2,1e-06,100,90,498
"191",0.01,0.2,1e-06,100,91,731
"192",0.01,0.2,1e-06,100,92,372
"193",0.01,0.2,1e-06,100,93,659
"194",0.01,0.2,1e-06,100,94,660
"195",0.01,0.2,1e-06,100,95,525
"196",0.01,0.2,1e-06,100,96,694
"197",0.01,0.2,1e-06,100,97,1147
"198",0.01,0.2,1e-06,100,98,615
"199",0.01,0.2,1e-06,100,99,569
"200",0.01,0.2,1e-06,100,100,635
"201",0.01,0.2,1e-07,100,1,91
"202",0.01,0.2,1e-07,100,2,100
"203",0.01,0.2,1e-07,100,3,148
"204",0.01,0.2,1e-07,100,4,62
"205",0.01,0.2,1e-07,100,5,74
"206",0.01,0.2,1e-07,100,6,124
"207",0.01,0.2,1e-07,100,7,144
"208",0.01,0.2,1e-07,100,8,108
"209",0.01,0.2,1e-07,100,9,136
"210",0.01,0.2,1e-07,100,10,105
"211",0.01,0.2,1e-07,100,11,74
"212",0.01,0.2,1e-07,100,12,97
"213",0.01,0.2,1e-07,100,13,52
"214",0.01,0.2,1e-07,100,14,121
"215",0.01,0.2,1e-07,100,15,107
"216",0.01,0.2,1e-07,100,16,50
"217",0.01,0.2,1e-07,100,17,77
"218",0.01,0.2,1e-07,100,18,138
"219",0.01,0.2,1e-07,100,19,64
"220",0.01,0.2,1e-07,100,20,116
"221",0.01,0.2,1e-07,100,21,171
"222",0.01,0.2,1e-07,100,22,151
"223",0.01,0.2,1e-07,100,23,107
"224",0.01,0.2,1e-07,100,24,102
"225",0.01,0.2,1e-07,100,25,64
"226",0.01,0.2,1e-07,100,26,180
"227",0.01,0.2,1e-07,100,27,81
"228",0.01,0.2,1e-07,100,28,62
"229",0.01,0.2,1e-07,100,29,63
"230",0.01,0.2,1e-07,100,30,54
"231",0.01,0.2,1e-07,100,31,81
"232",0.01,0.2,1e-07,100,32,79
"233",0.01,0.2,1e-07,100,33,124
"234",0.01,0.2,1e-07,100,34,100
"235",0.01,0.2,1e-07,100,35,106
"236",0.01,0.2,1e-07,100,36,111
"237",0.01,0.2,1e-07,100,37,96
"238",0.01,0.2,1e-07,100,38,116
"239",0.01,0.2,1e-07,100,39,103
"240",0.01,0.2,1e-07,100,40,112
"241",0.01,0.2,1e-07,100,41,46
"242",0.01,0.2,1e-07,100,42,106
"243",0.01,0.2,1e-07,100,43,112
"244",0.01,0.2,1e-07,100,44,94
"245",0.01,0.2,1e-07,100,45,113
"246",0.01,0.2,1e-07,100,46,106
"247",0.01,0.2,1e-07,100,47,168
"248",0.01,0.2,1e-07,100,48,52
"249",0.01,0.2,1e-07,100,49,54
"250",0.01,0.2,1e-07,100,50,78
"251",0.01,0.2,1e-07,100,51,254
"252",0.01,0.2,1e-07,100,52,76
"253",0.01,0.2,1e-07,100,53,116
"254",0.01,0.2,1e-07,100,54,163
"255",0.01,0.2,1e-07,100,55,97
"256",0.01,0.2,1e-07,100,56,120
"257",0.01,0.2,1e-07,100,57,132
"258",0.01,0.2,1e-07,100,58,102
"259",0.01,0.2,1e-07,100,59,103
"260",0.01,0.2,1e-07,100,60,189
"261",0.01,0.2,1e-07,100,61,194
"262",0.01,0.2,1e-07,100,62,113
"263",0.01,0.2,1e-07,100,63,158
"264",0.01,0.2,1e-07,100,64,135
"265",0.01,0.2,1e-07,100,65,117
"266",0.01,0.2,1e-07,100,66,93
"267",0.01,0.2,1e-07,100,67,118
"268",0.01,0.2,1e-07,100,68,196
"269",0.01,0.2,1e-07,100,69,59
"270",0.01,0.2,1e-07,100,70,106
"271",0.01,0.2,1e-07,100,71,96
"272",0.01,0.2,1e-07,100,72,62
"273",0.01,0.2,1e-07,100,73,89
"274",0.01,0.2,1e-07,100,74,89
"275",0.01,0.2,1e-07,100,75,159
"276",0.01,0.2,1e-07,100,76,59
"277",0.01,0.2,1e-07,100,77,101
"278",0.01,0.2,1e-07,100,78,40
"279",0.01,0.2,1e-07,100,79,120
"280",0.01,0.2,1e-07,100,80,87
"281",0.01,0.2,1e-07,100,81,94
"282",0.01,0.2,1e-07,100,82,101
"283",0.01,0.2,1e-07,100,83,43
"284",0.01,0.2,1e-07,100,84,168
"285",0.01,0.2,1e-07,100,85,106
"286",0.01,0.2,1e-07,100,86,95
"287",0.01,0.2,1e-07,100,87,116
"288",0.01,0.2,1e-07,100,88,120
"289",0.01,0.2,1e-07,100,89,82
"290",0.01,0.2,1e-07,100,90,64
"291",0.01,0.2,1e-07,100,91,71
"292",0.01,0.2,1e-07,100,92,70
"293",0.01,0.2,1e-07,100,93,153
"294",0.01,0.2,1e-07,100,94,98
"295",0.01,0.2,1e-07,100,95,48
"296",0.01,0.2,1e-07,100,96,75
"297",0.01,0.2,1e-07,100,97,60
"298",0.01,0.2,1e-07,100,98,179
"299",0.01,0.2,1e-07,100,99,206
"300",0.01,0.2,1e-07,100,100,132
"301",0.01,0.2,1e-08,100,1,6
"302",0.01,0.2,1e-08,100,2,3
"303",0.01,0.2,1e-08,100,3,5
"304",0.01,0.2,1e-08,100,4,3
"305",0.01,0.2,1e-08,100,5,12
"306",0.01,0.2,1e-08,100,6,8
"307",0.01,0.2,1e-08,100,7,9
"308",0.01,0.2,1e-08,100,8,6
"309",0.01,0.2,1e-08,100,9,11
"310",0.01,0.2,1e-08,100,10,7
"311",0.01,0.2,1e-08,100,11,1
"312",0.01,0.2,1e-08,100,12,6
"313",0.01,0.2,1e-08,100,13,9
"314",0.01,0.2,1e-08,100,14,3
"315",0.01,0.2,1e-08,100,15,9
"316",0.01,0.2,1e-08,100,16,22
"317",0.01,0.2,1e-08,100,17,9
"318",0.01,0.2,1e-08,100,18,4
"319",0.01,0.2,1e-08,100,19,8
"320",0.01,0.2,1e-08,100,20,8
"321",0.01,0.2,1e-08,100,21,10
"322",0.01,0.2,1e-08,100,22,7
"323",0.01,0.2,1e-08,100,23,8
"324",0.01,0.2,1e-08,100,24,8
"325",0.01,0.2,1e-08,100,25,4
"326",0.01,0.2,1e-08,100,26,13
"327",0.01,0.2,1e-08,100,27,3
"328",0.01,0.2,1e-08,100,28,3
"329",0.01,0.2,1e-08,100,29,11
"330",0.01,0.2,1e-08,100,30,62
"331",0.01,0.2,1e-08,100,31,6
"332",0.01,0.2,1e-08,100,32,5
"333",0.01,0.2,1e-08,100,33,17
"334",0.01,0.2,1e-08,100,34,4
"335",0.01,0.2,1e-08,100,35,4
"336",0.01,0.2,1e-08,100,36,4
"337",0.01,0.2,1e-08,100,37,7
"338",0.01,0.2,1e-08,100,38,3
"339",0.01,0.2,1e-08,100,39,10
"340",0.01,0.2,1e-08,100,40,8
"341",0.01,0.2,1e-08,100,41,6
"342",0.01,0.2,1e-08,100,42,7
"343",0.01,0.2,1e-08,100,43,8
"344",0.01,0.2,1e-08,100,44,12
"345",0.01,0.2,1e-08,100,45,7
"346",0.01,0.2,1e-08,100,46,10
"347",0.01,0.2,1e-08,100,47,3
"348",0.01,0.2,1e-08,100,48,12
"349",0.01,0.2,1e-08,100,49,1
"350",0.01,0.2,1e-08,100,50,9
"351",0.01,0.2,1e-08,100,51,3
"352",0.01,0.2,1e-08,100,52,4
"353",0.01,0.2,1e-08,100,53,24
"354",0.01,0.2,1e-08,100,54,14
"355",0.01,0.2,1e-08,100,55,6
"356",0.01,0.2,1e-08,100,56,9
"357",0.01,0.2,1e-08,100,57,5
"358",0.01,0.2,1e-08,100,58,26
"359",0.01,0.2,1e-08,100,59,3
"360",0.01,0.2,1e-08,100,60,11
"361",0.01,0.2,1e-08,100,61,4
"362",0.01,0.2,1e-08,100,62,73
"363",0.01,0.2,1e-08,100,63,1
"364",0.01,0.2,1e-08,100,64,5
"365",0.01,0.2,1e-08,100,65,9
"366",0.01,0.2,1e-08,100,66,6
"367",0.01,0.2,1e-08,100,67,14
"368",0.01,0.2,1e-08,100,68,6
"369",0.01,0.2,1e-08,100,69,4
"370",0.01,0.2,1e-08,100,70,2
"371",0.01,0.2,1e-08,100,71,3
"372",0.01,0.2,1e-08,100,72,8
"373",0.01,0.2,1e-08,100,73,10
"374",0.01,0.2,1e-08,100,74,13
"375",0.01,0.2,1e-08,100,75,8
"376",0.01,0.2,1e-08,100,76,7
"377",0.01,0.2,1e-08,100,77,19
"378",0.01,0.2,1e-08,100,78,4
"379",0.01,0.2,1e-08,100,79,55
"380",0.01,0.2,1e-08,100,80,12
"381",0.01,0.2,1e-08,100,81,11
"382",0.01,0.2,1e-08,100,82,21
"383",0.01,0.2,1e-08,100,83,11
"384",0.01,0.2,1e-08,100,84,4
"385",0.01,0.2,1e-08,100,85,5
"386",0.01,0.2,1e-08,100,86,50
"387",0.01,0.2,1e-08,100,87,8
"388",0.01,0.2,1e-08,100,88,8
"389",0.01,0.2,1e-08,100,89,7
"390",0.01,0.2,1e-08,100,90,9
"391",0.01,0.2,1e-08,100,91,6
"392",0.01,0.2,1e-08,100,92,3
"393",0.01,0.2,1e-08,100,93,0
"394",0.01,0.2,1e-08,100,94,7
"395",0.01,0.2,1e-08,100,95,3
"396",0.01,0.2,1e-08,100,96,6
"397",0.01,0.2,1e-08,100,97,8
"398",0.01,0.2,1e-08,100,98,5
"399",0.01,0.2,1e-08,100,99,9
"400",0.01,0.2,1e-08,100,100,24
"401",0.01,0.2,1e-09,100,1,0
"402",0.01,0.2,1e-09,100,2,0
"403",0.01,0.2,1e-09,100,3,0
"404",0.01,0.2,1e-09,100,4,0
"405",0.01,0.2,1e-09,100,5,0
"406",0.01,0.2,1e-09,100,6,0
"407",0.01,0.2,1e-09,100,7,0
"408",0.01,0.2,1e-09,100,8,4
"409",0.01,0.2,1e-09,100,9,2
"410",0.01,0.2,1e-09,100,10,0
"411",0.01,0.2,1e-09,100,11,0
"412",0.01,0.2,1e-09,100,12,0
"413",0.01,0.2,1e-09,100,13,1
"414",0.01,0.2,1e-09,100,14,0
"415",0.01,0.2,1e-09,100,15,0
"416",0.01,0.2,1e-09,100,16,1
"417",0.01,0.2,1e-09,100,17,1
"418",0.01,0.2,1e-09,100,18,0
"419",0.01,0.2,1e-09,100,19,1
"420",0.01,0.2,1e-09,100,20,0
"421",0.01,0.2,1e-09,100,21,1
"422",0.01,0.2,1e-09,100,22,1
"423",0.01,0.2,1e-09,100,23,0
"424",0.01,0.2,1e-09,100,24,0
"425",0.01,0.2,1e-09,100,25,1
"426",0.01,0.2,1e-09,100,26,0
"427",0.01,0.2,1e-09,100,27,0
"428",0.01,0.2,1e-09,100,28,0
"429",0.01,0.2,1e-09,100,29,0
"430",0.01,0.2,1e-09,100,30,2
"431",0.01,0.2,1e-09,100,31,0
"432",0.01,0.2,1e-09,100,32,0
"433",0.01,0.2,1e-09,100,33,4
"434",0.01,0.2,1e-09,100,34,0
"435",0.01,0.2,1e-09,100,35,4
"436",0.01,0.2,1e-09,100,36,1
"437",0.01,0.2,1e-09,100,37,0
"438",0.01,0.2,1e-09,100,38,5
"439",0.01,0.2,1e-09,100,39,3
"440",0.01,0.2,1e-09,100,40,1
"441",0.01,0.2,1e-09,100,41,1
"442",0.01,0.2,1e-09,100,42,0
"443",0.01,0.2,1e-09,100,43,0
"444",0.01,0.2,1e-09,100,44,0
"445",0.01,0.2,1e-09,100,45,0
"446",0.01,0.2,1e-09,100,46,2
"447",0.01,0.2,1e-09,100,47,0
"448",0.01,0.2,1e-09,100,48,0
"449",0.01,0.2,1e-09,100,49,0
"450",0.01,0.2,1e-09,100,50,0
"451",0.01,0.2,1e-09,100,51,0
"452",0.01,0.2,1e-09,100,52,0
"453",0.01,0.2,1e-09,100,53,1
"454",0.01,0.2,1e-09,100,54,0
"455",0.01,0.2,1e-09,100,55,0
"456",0.01,0.2,1e-09,100,56,0
"457",0.01,0.2,1e-09,100,57,2
"458",0.01,0.2,1e-09,100,58,0
"459",0.01,0.2,1e-09,100,59,1
"460",0.01,0.2,1e-09,100,60,0
"461",0.01,0.2,1e-09,100,61,2
"462",0.01,0.2,1e-09,100,62,0
"463",0.01,0.2,1e-09,100,63,0
"464",0.01,0.2,1e-09,100,64,0
"465",0.01,0.2,1e-09,100,65,1
"466",0.01,0.2,1e-09,100,66,1
"467",0.01,0.2,1e-09,100,67,0
"468",0.01,0.2,1e-09,100,68,0
"469",0.01,0.2,1e-09,100,69,0
"470",0.01,0.2,1e-09,100,70,0
"471",0.01,0.2,1e-09,100,71,0
"472",0.01,0.2,1e-09,100,72,0
"473",0.01,0.2,1e-09,100,73,0
"474",0.01,0.2,1e-09,100,74,0
"475",0.01,0.2,1e-09,100,75,1
"476",0.01,0.2,1e-09,100,76,0
"477",0.01,0.2,1e-09,100,77,1
"478",0.01,0.2,1e-09,100,78,0
"479",0.01,0.2,1e-09,100,79,0
"480",0.01,0.2,1e-09,100,80,1
"481",0.01,0.2,1e-09,100,81,1
"482",0.01,0.2,1e-09,100,82,0
"483",0.01,0.2,1e-09,100,83,3
"484",0.01,0.2,1e-09,100,84,0
"485",0.01,0.2,1e-09,100,85,2
"486",0.01,0.2,1e-09,100,86,0
"487",0.01,0.2,1e-09,100,87,0
"488",0.01,0.2,1e-09,100,88,2
"489",0.01,0.2,1e-09,100,89,1
"490",0.01,0.2,1e-09,100,90,0
"491",0.01,0.2,1e-09,100,91,0
"492",0.01,0.2,1e-09,100,92,1
"493",0.01,0.2,1e-09,100,93,0
"494",0.01,0.2,1e-09,100,94,0
"495",0.01,0.2,1e-09,100,95,1
"496",0.01,0.2,1e-09,100,96,1
"497",0.01,0.2,1e-09,100,97,1
"498",0.01,0.2,1e-09,100,98,1
"499",0.01,0.2,1e-09,100,99,2
"500",0.01,0.2,1e-09,100,100,0
"501",0.01,0.2,1e-10,100,1,0
"502",0.01,0.2,1e-10,100,2,0
"503",0.01,0.2,1e-10,100,3,0
"504",0.01,0.2,1e-10,100,4,0
"505",0.01,0.2,1e-10,100,5,0
"506",0.01,0.2,1e-10,100,6,0
"507",0.01,0.2,1e-10,100,7,0
"508",0.01,0.2,1e-10,100,8,0
"509",0.01,0.2,1e-10,100,9,0
"510",0.01,0.2,1e-10,100,10,0
"511",0.01,0.2,1e-10,100,11,0
"512",0.01,0.2,1e-10,100,12,0
"513",0.01,0.2,1e-10,100,13,0
"514",0.01,0.2,1e-10,100,14,0
"515",0.01,0.2,1e-10,100,15,0
"516",0.01,0.2,1e-10,100,16,2
"517",0.01,0.2,1e-10,100,17,0
"518",0.01,0.2,1e-10,100,18,0
"519",0.01,0.2,1e-10,100,19,0
"520",0.01,0.2,1e-10,100,20,0
"521",0.01,0.2,1e-10,100,21,0
"522",0.01,0.2,1e-10,100,22,0
"523",0.01,0.2,1e-10,100,23,0
"524",0.01,0.2,1e-10,100,24,0
"525",0.01,0.2,1e-10,100,25,0
"526",0.01,0.2,1e-10,100,26,0
"527",0.01,0.2,1e-10,100,27,0
"528",0.01,0.2,1e-10,100,28,0
"529",0.01,0.2,1e-10,100,29,0
"530",0.01,0.2,1e-10,100,30,0
"531",0.01,0.2,1e-10,100,31,0
"532",0.01,0.2,1e-10,100,32,0
"533",0.01,0.2,1e-10,100,33,0
"534",0.01,0.2,1e-10,100,34,0
"535",0.01,0.2,1e-10,100,35,0
"536",0.01,0.2,1e-10,100,36,0
"537",0.01,0.2,1e-10,100,37,0
"538",0.01,0.2,1e-10,100,38,0
"539",0.01,0.2,1e-10,100,39,0
"540",0.01,0.2,1e-10,100,40,0
"541",0.01,0.2,1e-10,100,41,0
"542",0.01,0.2,1e-10,100,42,0
"543",0.01,0.2,1e-10,100,43,0
"544",0.01,0.2,1e-10,100,44,0
"545",0.01,0.2,1e-10,100,45,0
"546",0.01,0.2,1e-10,100,46,0
"547",0.01,0.2,1e-10,100,47,0
"548",0.01,0.2,1e-10,100,48,0
"549",0.01,0.2,1e-10,100,49,0
"550",0.01,0.2,1e-10,100,50,0
"551",0.01,0.2,1e-10,100,51,0
"552",0.01,0.2,1e-10,100,52,0
"553",0.01,0.2,1e-10,100,53,0
"554",0.01,0.2,1e-10,100,54,1
"555",0.01,0.2,1e-10,100,55,0
"556",0.01,0.2,1e-10,100,56,0
"557",0.01,0.2,1e-10,100,57,0
"558",0.01,0.2,1e-10,100,58,0
"559",0.01,0.2,1e-10,100,59,0
"560",0.01,0.2,1e-10,100,60,0
"561",0.01,0.2,1e-10,100,61,0
"562",0.01,0.2,1e-10,100,62,0
"563",0.01,0.2,1e-10,100,63,1
"564",0.01,0.2,1e-10,100,64,0
"565",0.01,0.2,1e-10,100,65,0
"566",0.01,0.2,1e-10,100,66,0
"567",0.01,0.2,1e-10,100,67,0
"568",0.01,0.2,1e-10,100,68,0
"569",0.01,0.2,1e-10,100,69,0
"570",0.01,0.2,1e-10,100,70,0
"571",0.01,0.2,1e-10,100,71,0
"572",0.01,0.2,1e-10,100,72,0
"573",0.01,0.2,1e-10,100,73,0
"574",0.01,0.2,1e-10,100,74,0
"575",0.01,0.2,1e-10,100,75,0
"576",0.01,0.2,1e-10,100,76,0
"577",0.01,0.2,1e-10,100,77,0
"578",0.01,0.2,1e-10,100,78,0
"579",0.01,0.2,1e-10,100,79,0
"580",0.01,0.2,1e-10,100,80,0
"581",0.01,0.2,1e-10,100,81,0
"582",0.01,0.2,1e-10,100,82,0
"583",0.01,0.2,1e-10,100,83,0
"584",0.01,0.2,1e-10,100,84,0
"585",0.01,0.2,1e-10,100,85,0
"586",0.01,0.2,1e-10,100,86,0
"587",0.01,0.2,1e-10,100,87,0
"588",0.01,0.2,1e-10,100,88,0
"589",0.01,0.2,1e-10,100,89,0
"590",0.01,0.2,1e-10,100,90,0
"591",0.01,0.2,1e-10,100,91,0
"592",0.01,0.2,1e-10,100,92,0
"593",0.01,0.2,1e-10,100,93,0
"594",0.01,0.2,1e-10,100,94,0
"595",0.01,0.2,1e-10,100,95,0
"596",0.01,0.2,1e-10,100,96,0
"597",0.01,0.2,1e-10,100,97,0
"598",0.01,0.2,1e-10,100,98,0
"599",0.01,0.2,1e-10,100,99,0
"600",0.01,0.2,1e-10,100,100,0
"601",0.01,0.5,1e-05,100,1,470
"602",0.01,0.5,1e-05,100,2,421
"603",0.01,0.5,1e-05,100,3,899
"604",0.01,0.5,1e-05,100,4,439
"605",0.01,0.5,1e-05,100,5,582
"606",0.01,0.5,1e-05,100,6,427
"607",0.01,0.5,1e-05,100,7,488
"608",0.01,0.5,1e-05,100,8,469
"609",0.01,0.5,1e-05,100,9,648
"610",0.01,0.5,1e-05,100,10,546
"611",0.01,0.5,1e-05,100,11,566
"612",0.01,0.5,1e-05,100,12,398
"613",0.01,0.5,1e-05,100,13,717
"614",0.01,0.5,1e-05,100,14,365
"615",0.01,0.5,1e-05,100,15,606
"616",0.01,0.5,1e-05,100,16,711
"617",0.01,0.5,1e-05,100,17,437
"618",0.01,0.5,1e-05,100,18,438
"619",0.01,0.5,1e-05,100,19,623
"620",0.01,0.5,1e-05,100,20,554
"621",0.01,0.5,1e-05,100,21,861
"622",0.01,0.5,1e-05,100,22,870
"623",0.01,0.5,1e-05,100,23,689
"624",0.01,0.5,1e-05,100,24,498
"625",0.01,0.5,1e-05,100,25,1005
"626",0.01,0.5,1e-05,100,26,571
"627",0.01,0.5,1e-05,100,27,564
"628",0.01,0.5,1e-05,100,28,522
"629",0.01,0.5,1e-05,100,29,578
"630",0.01,0.5,1e-05,100,30,318
"631",0.01,0.5,1e-05,100,31,360
"632",0.01,0.5,1e-05,100,32,471
"633",0.01,0.5,1e-05,100,33,727
"634",0.01,0.5,1e-05,100,34,74
"635",0.01,0.5,1e-05,100,35,982
"636",0.01,0.5,1e-05,100,36,625
"637",0.01,0.5,1e-05,100,37,576
"638",0.01,0.5,1e-05,100,38,643
"639",0.01,0.5,1e-05,100,39,628
"640",0.01,0.5,1e-05,100,40,388
"641",0.01,0.5,1e-05,100,41,891
"642",0.01,0.5,1e-05,100,42,676
"643",0.01,0.5,1e-05,100,43,506
"644",0.01,0.5,1e-05,100,44,376
"645",0.01,0.5,1e-05,100,45,340
"646",0.01,0.5,1e-05,100,46,243
"647",0.01,0.5,1e-05,100,47,418
"648",0.01,0.5,1e-05,100,48,541
"649",0.01,0.5,1e-05,100,49,672
"650",0.01,0.5,1e-05,100,50,507
"651",0.01,0.5,1e-05,100,51,614
"652",0.01,0.5,1e-05,100,52,495
"653",0.01,0.5,1e-05,100,53,639
"654",0.01,0.5,1e-05,100,54,634
"655",0.01,0.5,1e-05,100,55,417
"656",0.01,0.5,1e-05,100,56,403
"657",0.01,0.5,1e-05,100,57,703
"658",0.01,0.5,1e-05,100,58,525
"659",0.01,0.5,1e-05,100,59,493
"660",0.01,0.5,1e-05,100,60,1137
"661",0.01,0.5,1e-05,100,61,1495
"662",0.01,0.5,1e-05,100,62,721
"663",0.01,0.5,1e-05,100,63,592
"664",0.01,0.5,1e-05,100,64,321
"665",0.01,0.5,1e-05,100,65,417
"666",0.01,0.5,1e-05,100,66,575
"667",0.01,0.5,1e-05,100,67,487
"668",0.01,0.5,1e-05,100,68,572
"669",0.01,0.5,1e-05,100,69,624
"670",0.01,0.5,1e-05,100,70,357
"671",0.01,0.5,1e-05,100,71,474
"672",0.01,0.5,1e-05,100,72,792
"673",0.01,0.5,1e-05,100,73,559
"674",0.01,0.5,1e-05,100,74,725
"675",0.01,0.5,1e-05,100,75,286
"676",0.01,0.5,1e-05,100,76,1072
"677",0.01,0.5,1e-05,100,77,478
"678",0.01,0.5,1e-05,100,78,324
"679",0.01,0.5,1e-05,100,79,432
"680",0.01,0.5,1e-05,100,80,513
"681",0.01,0.5,1e-05,100,81,830
"682",0.01,0.5,1e-05,100,82,445
"683",0.01,0.5,1e-05,100,83,801
"684",0.01,0.5,1e-05,100,84,463
"685",0.01,0.5,1e-05,100,85,253
"686",0.01,0.5,1e-05,100,86,675
"687",0.01,0.5,1e-05,100,87,1066
"688",0.01,0.5,1e-05,100,88,342
"689",0.01,0.5,1e-05,100,89,622
"690",0.01,0.5,1e-05,100,90,508
"691",0.01,0.5,1e-05,100,91,404
"692",0.01,0.5,1e-05,100,92,652
"693",0.01,0.5,1e-05,100,93,440
"694",0.01,0.5,1e-05,100,94,862
"695",0.01,0.5,1e-05,100,95,408
"696",0.01,0.5,1e-05,100,96,362
"697",0.01,0.5,1e-05,100,97,717
"698",0.01,0.5,1e-05,100,98,451
"699",0.01,0.5,1e-05,100,99,670
"700",0.01,0.5,1e-05,100,100,898
"701",0.01,0.5,1e-06,100,1,614
"702",0.01,0.5,1e-06,100,2,618
"703",0.01,0.5,1e-06,100,3,233
"704",0.01,0.5,1e-06,100,4,404
"705",0.01,0.5,1e-06,100,5,350
"706",0.01,0.5,1e-06,100,6,574
"707",0.01,0.5,1e-06,100,7,335
"708",0.01,0.5,1e-06,100,8,361
"709",0.01,0.5,1e-06,100,9,477
"710",0.01,0.5,1e-06,100,10,263
"711",0.01,0.5,1e-06,100,11,495
"712",0.01,0.5,1e-06,100,12,639
"713",0.01,0.5,1e-06,100,13,282
"714",0.01,0.5,1e-06,100,14,361
"715",0.01,0.5,1e-06,100,15,412
"716",0.01,0.5,1e-06,100,16,573
"717",0.01,0.5,1e-06,100,17,392
"718",0.01,0.5,1e-06,100,18,495
"719",0.01,0.5,1e-06,100,19,580
"720",0.01,0.5,1e-06,100,20,275
"721",0.01,0.5,1e-06,100,21,678
"722",0.01,0.5,1e-06,100,22,313
"723",0.01,0.5,1e-06,100,23,408
"724",0.01,0.5,1e-06,100,24,684
"725",0.01,0.5,1e-06,100,25,583
"726",0.01,0.5,1e-06,100,26,258
"727",0.01,0.5,1e-06,100,27,768
"728",0.01,0.5,1e-06,100,28,348
"729",0.01,0.5,1e-06,100,29,715
"730",0.01,0.5,1e-06,100,30,321
"731",0.01,0.5,1e-06,100,31,356
"732",0.01,0.5,1e-06,100,32,265
"733",0.01,0.5,1e-06,100,33,677
"734",0.01,0.5,1e-06,100,34,450
"735",0.01,0.5,1e-06,100,35,397
"736",0.01,0.5,1e-06,100,36,225
"737",0.01,0.5,1e-06,100,37,181
"738",0.01,0.5,1e-06,100,38,79
"739",0.01,0.5,1e-06,100,39,291
"740",0.01,0.5,1e-06,100,40,428
"741",0.01,0.5,1e-06,100,41,556
"742",0.01,0.5,1e-06,100,42,466
"743",0.01,0.5,1e-06,100,43,377
"744",0.01,0.5,1e-06,100,44,516
"745",0.01,0.5,1e-06,100,45,147
"746",0.01,0.5,1e-06,100,46,755
"747",0.01,0.5,1e-06,100,47,370
"748",0.01,0.5,1e-06,100,48,442
"749",0.01,0.5,1e-06,100,49,481
"750",0.01,0.5,1e-06,100,50,155
"751",0.01,0.5,1e-06,100,51,167
"752",0.01,0.5,1e-06,100,52,584
"753",0.01,0.5,1e-06,100,53,425
"754",0.01,0.5,1e-06,100,54,1344
"755",0.01,0.5,1e-06,100,55,547
"756",0.01,0.5,1e-06,100,56,575
"757",0.01,0.5,1e-06,100,57,513
"758",0.01,0.5,1e-06,100,58,555
"759",0.01,0.5,1e-06,100,59,331
"760",0.01,0.5,1e-06,100,60,542
"761",0.01,0.5,1e-06,100,61,534
"762",0.01,0.5,1e-06,100,62,561
"763",0.01,0.5,1e-06,100,63,667
"764",0.01,0.5,1e-06,100,64,462
"765",0.01,0.5,1e-06,100,65,1108
"766",0.01,0.5,1e-06,100,66,235
"767",0.01,0.5,1e-06,100,67,480
"768",0.01,0.5,1e-06,100,68,234
"769",0.01,0.5,1e-06,100,69,939
"770",0.01,0.5,1e-06,100,70,473
"771",0.01,0.5,1e-06,100,71,544
"772",0.01,0.5,1e-06,100,72,323
"773",0.01,0.5,1e-06,100,73,916
"774",0.01,0.5,1e-06,100,74,490
"775",0.01,0.5,1e-06,100,75,289
"776",0.01,0.5,1e-06,100,76,413
"777",0.01,0.5,1e-06,100,77,253
"778",0.01,0.5,1e-06,100,78,350
"779",0.01,0.5,1e-06,100,79,218
"780",0.01,0.5,1e-06,100,80,388
"781",0.01,0.5,1e-06,100,81,285
"782",0.01,0.5,1e-06,100,82,342
"783",0.01,0.5,1e-06,100,83,623
"784",0.01,0.5,1e-06,100,84,687
"785",0.01,0.5,1e-06,100,85,477
"786",0.01,0.5,1e-06,100,86,310
"787",0.01,0.5,1e-06,100,87,709
"788",0.01,0.5,1e-06,100,88,472
"789",0.01,0.5,1e-06,100,89,431
"790",0.01,0.5,1e-06,100,90,612
"791",0.01,0.5,1e-06,100,91,291
"792",0.01,0.5,1e-06,100,92,575
"793",0.01,0.5,1e-06,100,93,221
"794",0.01,0.5,1e-06,100,94,858
"795",0.01,0.5,1e-06,100,95,527
"796",0.01,0.5,1e-06,100,96,421
"797",0.01,0.5,1e-06,100,97,446
"798",0.01,0.5,1e-06,100,98,336
"799",0.01,0.5,1e-06,100,99,313
"800",0.01,0.5,1e-06,100,100,641
"801",0.01,0.5,1e-07,100,1,165
"802",0.01,0.5,1e-07,100,2,95
"803",0.01,0.5,1e-07,100,3,221
"804",0.01,0.5,1e-07,100,4,186
"805",0.01,0.5,1e-07,100,5,155
"806",0.01,0.5,1e-07,100,6,109
"807",0.01,0.5,1e-07,100,7,104
"808",0.01,0.5,1e-07,100,8,239
"809",0.01,0.5,1e-07,100,9,33
"810",0.01,0.5,1e-07,100,10,124
"811",0.01,0.5,1e-07,100,11,144
"812",0.01,0.5,1e-07,100,12,140
"813",0.01,0.5,1e-07,100,13,50
"814",0.01,0.5,1e-07,100,14,85
"815",0.01,0.5,1e-07,100,15,41
"816",0.01,0.5,1e-07,100,16,92
"817",0.01,0.5,1e-07,100,17,48
"818",0.01,0.5,1e-07,100,18,99
"819",0.01,0.5,1e-07,100,19,145
"820",0.01,0.5,1e-07,100,20,107
"821",0.01,0.5,1e-07,100,21,129
"822",0.01,0.5,1e-07,100,22,100
"823",0.01,0.5,1e-07,100,23,65
"824",0.01,0.5,1e-07,100,24,20
"825",0.01,0.5,1e-07,100,25,73
"826",0.01,0.5,1e-07,100,26,58
"827",0.01,0.5,1e-07,100,27,141
"828",0.01,0.5,1e-07,100,28,127
"829",0.01,0.5,1e-07,100,29,81
"830",0.01,0.5,1e-07,100,30,125
"831",0.01,0.5,1e-07,100,31,61
"832",0.01,0.5,1e-07,100,32,231
"833",0.01,0.5,1e-07,100,33,55
"834",0.01,0.5,1e-07,100,34,47
"835",0.01,0.5,1e-07,100,35,113
"836",0.01,0.5,1e-07,100,36,122
"837",0.01,0.5,1e-07,100,37,92
"838",0.01,0.5,1e-07,100,38,253
"839",0.01,0.5,1e-07,100,39,133
"840",0.01,0.5,1e-07,100,40,156
"841",0.01,0.5,1e-07,100,41,141
"842",0.01,0.5,1e-07,100,42,87
"843",0.01,0.5,1e-07,100,43,38
"844",0.01,0.5,1e-07,100,44,87
"845",0.01,0.5,1e-07,100,45,77
"846",0.01,0.5,1e-07,100,46,105
"847",0.01,0.5,1e-07,100,47,104
"848",0.01,0.5,1e-07,100,48,107
"849",0.01,0.5,1e-07,100,49,39
"850",0.01,0.5,1e-07,100,50,232
"851",0.01,0.5,1e-07,100,51,192
"852",0.01,0.5,1e-07,100,52,139
"853",0.01,0.5,1e-07,100,53,107
"854",0.01,0.5,1e-07,100,54,30
"855",0.01,0.5,1e-07,100,55,50
"856",0.01,0.5,1e-07,100,56,69
"857",0.01,0.5,1e-07,100,57,251
"858",0.01,0.5,1e-07,100,58,89
"859",0.01,0.5,1e-07,100,59,102
"860",0.01,0.5,1e-07,100,60,142
"861",0.01,0.5,1e-07,100,61,138
"862",0.01,0.5,1e-07,100,62,121
"863",0.01,0.5,1e-07,100,63,348
"864",0.01,0.5,1e-07,100,64,95
"865",0.01,0.5,1e-07,100,65,173
"866",0.01,0.5,1e-07,100,66,150
"867",0.01,0.5,1e-07,100,67,39
"868",0.01,0.5,1e-07,100,68,62
"869",0.01,0.5,1e-07,100,69,36
"870",0.01,0.5,1e-07,100,70,66
"871",0.01,0.5,1e-07,100,71,49
"872",0.01,0.5,1e-07,100,72,51
"873",0.01,0.5,1e-07,100,73,104
"874",0.01,0.5,1e-07,100,74,94
"875",0.01,0.5,1e-07,100,75,83
"876",0.01,0.5,1e-07,100,76,167
"877",0.01,0.5,1e-07,100,77,141
"878",0.01,0.5,1e-07,100,78,82
"879",0.01,0.5,1e-07,100,79,228
"880",0.01,0.5,1e-07,100,80,89
"881",0.01,0.5,1e-07,100,81,49
"882",0.01,0.5,1e-07,100,82,48
"883",0.01,0.5,1e-07,100,83,77
"884",0.01,0.5,1e-07,100,84,73
"885",0.01,0.5,1e-07,100,85,82
"886",0.01,0.5,1e-07,100,86,334
"887",0.01,0.5,1e-07,100,87,61
"888",0.01,0.5,1e-07,100,88,68
"889",0.01,0.5,1e-07,100,89,292
"890",0.01,0.5,1e-07,100,90,83
"891",0.01,0.5,1e-07,100,91,48
"892",0.01,0.5,1e-07,100,92,36
"893",0.01,0.5,1e-07,100,93,87
"894",0.01,0.5,1e-07,100,94,152
"895",0.01,0.5,1e-07,100,95,36
"896",0.01,0.5,1e-07,100,96,83
"897",0.01,0.5,1e-07,100,97,78
"898",0.01,0.5,1e-07,100,98,105
"899",0.01,0.5,1e-07,100,99,140
"900",0.01,0.5,1e-07,100,100,164
"901",0.01,0.5,1e-08,100,1,5
"902",0.01,0.5,1e-08,100,2,56
"903",0.01,0.5,1e-08,100,3,5
"904",0.01,0.5,1e-08,100,4,7
"905",0.01,0.5,1e-08,100,5,72
"906",0.01,0.5,1e-08,100,6,12
"907",0.01,0.5,1e-08,100,7,8
"908",0.01,0.5,1e-08,100,8,53
"909",0.01,0.5,1e-08,100,9,10
"910",0.01,0.5,1e-08,100,10,4
"911",0.01,0.5,1e-08,100,11,7
"912",0.01,0.5,1e-08,100,12,7
"913",0.01,0.5,1e-08,100,13,2
"914",0.01,0.5,1e-08,100,14,6
"915",0.01,0.5,1e-08,100,15,8
"916",0.01,0.5,1e-08,100,16,12
"917",0.01,0.5,1e-08,100,17,44
"918",0.01,0.5,1e-08,100,18,4
"919",0.01,0.5,1e-08,100,19,0
"920",0.01,0.5,1e-08,100,20,25
"921",0.01,0.5,1e-08,100,21,2
"922",0.01,0.5,1e-08,100,22,3
"923",0.01,0.5,1e-08,100,23,3
"924",0.01,0.5,1e-08,100,24,3
"925",0.01,0.5,1e-08,100,25,11
"926",0.01,0.5,1e-08,100,26,11
"927",0.01,0.5,1e-08,100,27,12
"928",0.01,0.5,1e-08,100,28,1
"929",0.01,0.5,1e-08,100,29,8
"930",0.01,0.5,1e-08,100,30,4
"931",0.01,0.5,1e-08,100,31,7
"932",0.01,0.5,1e-08,100,32,3
"933",0.01,0.5,1e-08,100,33,7
"934",0.01,0.5,1e-08,100,34,35
"935",0.01,0.5,1e-08,100,35,5
"936",0.01,0.5,1e-08,100,36,13
"937",0.01,0.5,1e-08,100,37,3
"938",0.01,0.5,1e-08,100,38,8
"939",0.01,0.5,1e-08,100,39,2
"940",0.01,0.5,1e-08,100,40,17
"941",0.01,0.5,1e-08,100,41,3
"942",0.01,0.5,1e-08,100,42,6
"943",0.01,0.5,1e-08,100,43,5
"944",0.01,0.5,1e-08,100,44,1
"945",0.01,0.5,1e-08,100,45,12
"946",0.01,0.5,1e-08,100,46,5
"947",0.01,0.5,1e-08,100,47,18
"948",0.01,0.5,1e-08,100,48,4
"949",0.01,0.5,1e-08,100,49,9
"950",0.01,0.5,1e-08,100,50,4
"951",0.01,0.5,1e-08,100,51,4
"952",0.01,0.5,1e-08,100,52,6
"953",0.01,0.5,1e-08,100,53,4
"954",0.01,0.5,1e-08,100,54,11
"955",0.01,0.5,1e-08,100,55,19
"956",0.01,0.5,1e-08,100,56,22
"957",0.01,0.5,1e-08,100,57,22
"958",0.01,0.5,1e-08,100,58,57
"959",0.01,0.5,1e-08,100,59,11
"960",0.01,0.5,1e-08,100,60,11
"961",0.01,0.5,1e-08,100,61,4
"962",0.01,0.5,1e-08,100,62,7
"963",0.01,0.5,1e-08,100,63,55
"964",0.01,0.5,1e-08,100,64,9
"965",0.01,0.5,1e-08,100,65,4
"966",0.01,0.5,1e-08,100,66,14
"967",0.01,0.5,1e-08,100,67,57
"968",0.01,0.5,1e-08,100,68,4
"969",0.01,0.5,1e-08,100,69,8
"970",0.01,0.5,1e-08,100,70,12
"971",0.01,0.5,1e-08,100,71,1
"972",0.01,0.5,1e-08,100,72,2
"973",0.01,0.5,1e-08,100,73,11
"974",0.01,0.5,1e-08,100,74,56
"975",0.01,0.5,1e-08,100,75,6
"976",0.01,0.5,1e-08,100,76,3
"977",0.01,0.5,1e-08,100,77,1
"978",0.01,0.5,1e-08,100,78,1
"979",0.01,0.5,1e-08,100,79,10
"980",0.01,0.5,1e-08,100,80,25
"981",0.01,0.5,1e-08,100,81,52
"982",0.01,0.5,1e-08,100,82,3
"983",0.01,0.5,1e-08,100,83,47
"984",0.01,0.5,1e-08,100,84,3
"985",0.01,0.5,1e-08,100,85,13
"986",0.01,0.5,1e-08,100,86,38
"987",0.01,0.5,1e-08,100,87,39
"988",0.01,0.5,1e-08,100,88,6
"989",0.01,0.5,1e-08,100,89,5
"990",0.01,0.5,1e-08,100,90,43
"991",0.01,0.5,1e-08,100,91,44
"992",0.01,0.5,1e-08,100,92,3
"993",0.01,0.5,1e-08,100,93,6
"994",0.01,0.5,1e-08,100,94,4
"995",0.01,0.5,1e-08,100,95,4
"996",0.01,0.5,1e-08,100,96,55
"997",0.01,0.5,1e-08,100,97,5
"998",0.01,0.5,1e-08,100,98,3
"999",0.01,0.5,1e-08,100,99,8
"1000",0.01,0.5,1e-08,100,100,6
"1001",0.01,0.5,1e-09,100,1,0
"1002",0.01,0.5,1e-09,100,2,0
"1003",0.01,0.5,1e-09,100,3,1
"1004",0.01,0.5,1e-09,100,4,0
"1005",0.01,0.5,1e-09,100,5,1
"1006",0.01,0.5,1e-09,100,6,0
"1007",0.01,0.5,1e-09,100,7,0
"1008",0.01,0.5,1e-09,100,8,0
"1009",0.01,0.5,1e-09,100,9,2
"1010",0.01,0.5,1e-09,100,10,0
"1011",0.01,0.5,1e-09,100,11,0
"1012",0.01,0.5,1e-09,100,12,2
"1013",0.01,0.5,1e-09,100,13,0
"1014",0.01,0.5,1e-09,100,14,2
"1015",0.01,0.5,1e-09,100,15,0
"1016",0.01,0.5,1e-09,100,16,11
"1017",0.01,0.5,1e-09,100,17,0
"1018",0.01,0.5,1e-09,100,18,0
"1019",0.01,0.5,1e-09,100,19,0
"1020",0.01,0.5,1e-09,100,20,1
"1021",0.01,0.5,1e-09,100,21,0
"1022",0.01,0.5,1e-09,100,22,1
"1023",0.01,0.5,1e-09,100,23,0
"1024",0.01,0.5,1e-09,100,24,1
"1025",0.01,0.5,1e-09,100,25,1
"1026",0.01,0.5,1e-09,100,26,0
"1027",0.01,0.5,1e-09,100,27,0
"1028",0.01,0.5,1e-09,100,28,0
"1029",0.01,0.5,1e-09,100,29,1
"1030",0.01,0.5,1e-09,100,30,1
"1031",0.01,0.5,1e-09,100,31,0
"1032",0.01,0.5,1e-09,100,32,0
"1033",0.01,0.5,1e-09,100,33,1
"1034",0.01,0.5,1e-09,100,34,2
"1035",0.01,0.5,1e-09,100,35,38
"1036",0.01,0.5,1e-09,100,36,0
"1037",0.01,0.5,1e-09,100,37,0
"1038",0.01,0.5,1e-09,100,38,4
"1039",0.01,0.5,1e-09,100,39,0
"1040",0.01,0.5,1e-09,100,40,0
"1041",0.01,0.5,1e-09,100,41,0
"1042",0.01,0.5,1e-09,100,42,0
"1043",0.01,0.5,1e-09,100,43,0
"1044",0.01,0.5,1e-09,100,44,0
"1045",0.01,0.5,1e-09,100,45,0
"1046",0.01,0.5,1e-09,100,46,0
"1047",0.01,0.5,1e-09,100,47,0
"1048",0.01,0.5,1e-09,100,48,0
"1049",0.01,0.5,1e-09,100,49,0
"1050",0.01,0.5,1e-09,100,50,43
"1051",0.01,0.5,1e-09,100,51,0
"1052",0.01,0.5,1e-09,100,52,0
"1053",0.01,0.5,1e-09,100,53,0
"1054",0.01,0.5,1e-09,100,54,5
"1055",0.01,0.5,1e-09,100,55,0
"1056",0.01,0.5,1e-09,100,56,0
"1057",0.01,0.5,1e-09,100,57,0
"1058",0.01,0.5,1e-09,100,58,0
"1059",0.01,0.5,1e-09,100,59,0
"1060",0.01,0.5,1e-09,100,60,0
"1061",0.01,0.5,1e-09,100,61,1
"1062",0.01,0.5,1e-09,100,62,0
"1063",0.01,0.5,1e-09,100,63,50
"1064",0.01,0.5,1e-09,100,64,1
"1065",0.01,0.5,1e-09,100,65,4
"1066",0.01,0.5,1e-09,100,66,0
"1067",0.01,0.5,1e-09,100,67,0
"1068",0.01,0.5,1e-09,100,68,1
"1069",0.01,0.5,1e-09,100,69,0
"1070",0.01,0.5,1e-09,100,70,0
"1071",0.01,0.5,1e-09,100,71,1
"1072",0.01,0.5,1e-09,100,72,0
"1073",0.01,0.5,1e-09,100,73,5
"1074",0.01,0.5,1e-09,100,74,1
"1075",0.01,0.5,1e-09,100,75,0
"1076",0.01,0.5,1e-09,100,76,0
"1077",0.01,0.5,1e-09,100,77,1
"1078",0.01,0.5,1e-09,100,78,0
"1079",0.01,0.5,1e-09,100,79,0
"1080",0.01,0.5,1e-09,100,80,0
"1081",0.01,0.5,1e-09,100,81,1
"1082",0.01,0.5,1e-09,100,82,1
"1083",0.01,0.5,1e-09,100,83,1
"1084",0.01,0.5,1e-09,100,84,0
"1085",0.01,0.5,1e-09,100,85,0
"1086",0.01,0.5,1e-09,100,86,1
"1087",0.01,0.5,1e-09,100,87,1
"1088",0.01,0.5,1e-09,100,88,0
"1089",0.01,0.5,1e-09,100,89,6
"1090",0.01,0.5,1e-09,100,90,50
"1091",0.01,0.5,1e-09,100,91,0
"1092",0.01,0.5,1e-09,100,92,0
"1093",0.01,0.5,1e-09,100,93,2
"1094",0.01,0.5,1e-09,100,94,2
"1095",0.01,0.5,1e-09,100,95,3
"1096",0.01,0.5,1e-09,100,96,0
"1097",0.01,0.5,1e-09,100,97,0
"1098",0.01,0.5,1e-09,100,98,0
"1099",0.01,0.5,1e-09,100,99,0
"1100",0.01,0.5,1e-09,100,100,0
"1101",0.01,0.5,1e-10,100,1,0
"1102",0.01,0.5,1e-10,100,2,0
"1103",0.01,0.5,1e-10,100,3,1
"1104",0.01,0.5,1e-10,100,4,0
"1105",0.01,0.5,1e-10,100,5,0
"1106",0.01,0.5,1e-10,100,6,0
"1107",0.01,0.5,1e-10,100,7,0
"1108",0.01,0.5,1e-10,100,8,0
"1109",0.01,0.5,1e-10,100,9,0
"1110",0.01,0.5,1e-10,100,10,0
"1111",0.01,0.5,1e-10,100,11,0
"1112",0.01,0.5,1e-10,100,12,0
"1113",0.01,0.5,1e-10,100,13,1
"1114",0.01,0.5,1e-10,100,14,0
"1115",0.01,0.5,1e-10,100,15,0
"1116",0.01,0.5,1e-10,100,16,0
"1117",0.01,0.5,1e-10,100,17,0
"1118",0.01,0.5,1e-10,100,18,0
"1119",0.01,0.5,1e-10,100,19,0
"1120",0.01,0.5,1e-10,100,20,0
"1121",0.01,0.5,1e-10,100,21,0
"1122",0.01,0.5,1e-10,100,22,0
"1123",0.01,0.5,1e-10,100,23,0
"1124",0.01,0.5,1e-10,100,24,0
"1125",0.01,0.5,1e-10,100,25,0
"1126",0.01,0.5,1e-10,100,26,0
"1127",0.01,0.5,1e-10,100,27,0
"1128",0.01,0.5,1e-10,100,28,0
"1129",0.01,0.5,1e-10,100,29,0
"1130",0.01,0.5,1e-10,100,30,0
"1131",0.01,0.5,1e-10,100,31,0
"1132",0.01,0.5,1e-10,100,32,0
"1133",0.01,0.5,1e-10,100,33,0
"1134",0.01,0.5,1e-10,100,34,0
"1135",0.01,0.5,1e-10,100,35,0
"1136",0.01,0.5,1e-10,100,36,0
"1137",0.01,0.5,1e-10,100,37,0
"1138",0.01,0.5,1e-10,100,38,0
"1139",0.01,0.5,1e-10,100,39,0
"1140",0.01,0.5,1e-10,100,40,0
"1141",0.01,0.5,1e-10,100,41,0
"1142",0.01,0.5,1e-10,100,42,0
"1143",0.01,0.5,1e-10,100,43,0
"1144",0.01,0.5,1e-10,100,44,0
"1145",0.01,0.5,1e-10,100,45,0
"1146",0.01,0.5,1e-10,100,46,0
"1147",0.01,0.5,1e-10,100,47,0
"1148",0.01,0.5,1e-10,100,48,0
"1149",0.01,0.5,1e-10,100,49,0
"1150",0.01,0.5,1e-10,100,50,0
"1151",0.01,0.5,1e-10,100,51,0
"1152",0.01,0.5,1e-10,100,52,0
"1153",0.01,0.5,1e-10,100,53,0
"1154",0.01,0.5,1e-10,100,54,0
"1155",0.01,0.5,1e-10,100,55,0
"1156",0.01,0.5,1e-10,100,56,0
"1157",0.01,0.5,1e-10,100,57,0
"1158",0.01,0.5,1e-10,100,58,0
"1159",0.01,0.5,1e-10,100,59,0
"1160",0.01,0.5,1e-10,100,60,0
"1161",0.01,0.5,1e-10,100,61,0
"1162",0.01,0.5,1e-10,100,62,1
"1163",0.01,0.5,1e-10,100,63,0
"1164",0.01,0.5,1e-10,100,64,0
"1165",0.01,0.5,1e-10,100,65,0
"1166",0.01,0.5,1e-10,100,66,0
"1167",0.01,0.5,1e-10,100,67,0
"1168",0.01,0.5,1e-10,100,68,0
"1169",0.01,0.5,1e-10,100,69,0
"1170",0.01,0.5,1e-10,100,70,0
"1171",0.01,0.5,1e-10,100,71,0
"1172",0.01,0.5,1e-10,100,72,0
"1173",0.01,0.5,1e-10,100,73,0
"1174",0.01,0.5,1e-10,100,74,0
"1175",0.01,0.5,1e-10,100,75,0
"1176",0.01,0.5,1e-10,100,76,0
"1177",0.01,0.5,1e-10,100,77,0
"1178",0.01,0.5,1e-10,100,78,0
"1179",0.01,0.5,1e-10,100,79,0
"1180",0.01,0.5,1e-10,100,80,0
"1181",0.01,0.5,1e-10,100,81,0
"1182",0.01,0.5,1e-10,100,82,0
"1183",0.01,0.5,1e-10,100,83,0
"1184",0.01,0.5,1e-10,100,84,0
"1185",0.01,0.5,1e-10,100,85,0
"1186",0.01,0.5,1e-10,100,86,0
"1187",0.01,0.5,1e-10,100,87,0
"1188",0.01,0.5,1e-10,100,88,0
"1189",0.01,0.5,1e-10,100,89,0
"1190",0.01,0.5,1e-10,100,90,0
"1191",0.01,0.5,1e-10,100,91,0
"1192",0.01,0.5,1e-10,100,92,0
"1193",0.01,0.5,1e-10,100,93,0
"1194",0.01,0.5,1e-10,100,94,0
"1195",0.01,0.5,1e-10,100,95,0
"1196",0.01,0.5,1e-10,100,96,0
"1197",0.01,0.5,1e-10,100,97,0
"1198",0.01,0.5,1e-10,100,98,0
"1199",0.01,0.5,1e-10,100,99,0
"1200",0.01,0.5,1e-10,100,100,0
