"","Selection_coefficient","Dominance_coefficient","Uniparenting_rate","Replicate","N_segregating_mutations_cloning"
"1",0.01,0.2,0,1,4793
"2",0.01,0.2,0,2,4949
"3",0.01,0.2,0,3,4740
"4",0.01,0.2,0,4,4864
"5",0.01,0.2,0,5,5076
"6",0.01,0.2,0,6,4635
"7",0.01,0.2,0,7,4730
"8",0.01,0.2,0,8,4642
"9",0.01,0.2,0,9,4848
"10",0.01,0.2,0,10,4921
"11",0.01,0.2,0,11,4832
"12",0.01,0.2,0,12,4917
"13",0.01,0.2,0,13,5011
"14",0.01,0.2,0,14,4795
"15",0.01,0.2,0,15,5015
"16",0.01,0.2,0,16,4814
"17",0.01,0.2,0,17,4869
"18",0.01,0.2,0,18,4913
"19",0.01,0.2,0,19,4961
"20",0.01,0.2,0,20,4539
"21",0.01,0.2,0,21,4818
"22",0.01,0.2,0,22,4926
"23",0.01,0.2,0,23,4860
"24",0.01,0.2,0,24,4715
"25",0.01,0.2,0,25,4845
"26",0.01,0.2,0,26,4805
"27",0.01,0.2,0,27,4943
"28",0.01,0.2,0,28,4696
"29",0.01,0.2,0,29,5079
"30",0.01,0.2,0,30,4606
"31",0.01,0.2,0,31,4870
"32",0.01,0.2,0,32,4675
"33",0.01,0.2,0,33,4985
"34",0.01,0.2,0,34,4792
"35",0.01,0.2,0,35,4828
"36",0.01,0.2,0,36,4623
"37",0.01,0.2,0,37,4762
"38",0.01,0.2,0,38,4751
"39",0.01,0.2,0,39,4796
"40",0.01,0.2,0,40,5038
"41",0.01,0.2,0,41,4923
"42",0.01,0.2,0,42,4796
"43",0.01,0.2,0,43,4834
"44",0.01,0.2,0,44,4841
"45",0.01,0.2,0,45,4605
"46",0.01,0.2,0,46,4809
"47",0.01,0.2,0,47,4799
"48",0.01,0.2,0,48,4909
"49",0.01,0.2,0,49,4936
"50",0.01,0.2,0,50,4874
"51",0.01,0.2,0,51,4826
"52",0.01,0.2,0,52,4994
"53",0.01,0.2,0,53,4861
"54",0.01,0.2,0,54,4929
"55",0.01,0.2,0,55,4517
"56",0.01,0.2,0,56,4880
"57",0.01,0.2,0,57,4738
"58",0.01,0.2,0,58,4934
"59",0.01,0.2,0,59,4653
"60",0.01,0.2,0,60,4880
"61",0.01,0.2,0,61,4817
"62",0.01,0.2,0,62,4948
"63",0.01,0.2,0,63,4634
"64",0.01,0.2,0,64,4696
"65",0.01,0.2,0,65,5128
"66",0.01,0.2,0,66,4902
"67",0.01,0.2,0,67,4669
"68",0.01,0.2,0,68,4848
"69",0.01,0.2,0,69,4917
"70",0.01,0.2,0,70,4934
"71",0.01,0.2,0,71,4861
"72",0.01,0.2,0,72,4766
"73",0.01,0.2,0,73,4988
"74",0.01,0.2,0,74,4734
"75",0.01,0.2,0,75,4972
"76",0.01,0.2,0,76,4848
"77",0.01,0.2,0,77,4847
"78",0.01,0.2,0,78,4971
"79",0.01,0.2,0,79,4858
"80",0.01,0.2,0,80,4542
"81",0.01,0.2,0,81,4902
"82",0.01,0.2,0,82,4653
"83",0.01,0.2,0,83,4848
"84",0.01,0.2,0,84,4648
"85",0.01,0.2,0,85,4682
"86",0.01,0.2,0,86,4771
"87",0.01,0.2,0,87,4811
"88",0.01,0.2,0,88,4984
"89",0.01,0.2,0,89,4979
"90",0.01,0.2,0,90,4928
"91",0.01,0.2,0,91,5107
"92",0.01,0.2,0,92,4993
"93",0.01,0.2,0,93,4936
"94",0.01,0.2,0,94,4791
"95",0.01,0.2,0,95,4757
"96",0.01,0.2,0,96,4821
"97",0.01,0.2,0,97,4563
"98",0.01,0.2,0,98,4850
"99",0.01,0.2,0,99,4760
"100",0.01,0.2,0,100,4633
"101",0.01,0.2,0.2,1,4778
"102",0.01,0.2,0.2,2,4560
"103",0.01,0.2,0.2,3,4871
"104",0.01,0.2,0.2,4,4790
"105",0.01,0.2,0.2,5,4941
"106",0.01,0.2,0.2,6,4852
"107",0.01,0.2,0.2,7,4751
"108",0.01,0.2,0.2,8,4881
"109",0.01,0.2,0.2,9,4700
"110",0.01,0.2,0.2,10,4941
"111",0.01,0.2,0.2,11,5045
"112",0.01,0.2,0.2,12,4747
"113",0.01,0.2,0.2,13,5129
"114",0.01,0.2,0.2,14,4736
"115",0.01,0.2,0.2,15,4921
"116",0.01,0.2,0.2,16,4831
"117",0.01,0.2,0.2,17,4700
"118",0.01,0.2,0.2,18,4906
"119",0.01,0.2,0.2,19,4541
"120",0.01,0.2,0.2,20,4781
"121",0.01,0.2,0.2,21,4971
"122",0.01,0.2,0.2,22,5022
"123",0.01,0.2,0.2,23,4878
"124",0.01,0.2,0.2,24,4840
"125",0.01,0.2,0.2,25,4845
"126",0.01,0.2,0.2,26,4907
"127",0.01,0.2,0.2,27,4910
"128",0.01,0.2,0.2,28,4959
"129",0.01,0.2,0.2,29,5042
"130",0.01,0.2,0.2,30,4962
"131",0.01,0.2,0.2,31,4693
"132",0.01,0.2,0.2,32,4835
"133",0.01,0.2,0.2,33,4516
"134",0.01,0.2,0.2,34,4675
"135",0.01,0.2,0.2,35,4811
"136",0.01,0.2,0.2,36,5052
"137",0.01,0.2,0.2,37,4721
"138",0.01,0.2,0.2,38,4917
"139",0.01,0.2,0.2,39,4814
"140",0.01,0.2,0.2,40,4849
"141",0.01,0.2,0.2,41,4966
"142",0.01,0.2,0.2,42,4883
"143",0.01,0.2,0.2,43,4636
"144",0.01,0.2,0.2,44,5004
"145",0.01,0.2,0.2,45,4884
"146",0.01,0.2,0.2,46,4821
"147",0.01,0.2,0.2,47,4784
"148",0.01,0.2,0.2,48,4661
"149",0.01,0.2,0.2,49,4696
"150",0.01,0.2,0.2,50,4864
"151",0.01,0.2,0.2,51,4566
"152",0.01,0.2,0.2,52,4984
"153",0.01,0.2,0.2,53,4761
"154",0.01,0.2,0.2,54,4765
"155",0.01,0.2,0.2,55,4795
"156",0.01,0.2,0.2,56,4859
"157",0.01,0.2,0.2,57,4752
"158",0.01,0.2,0.2,58,4742
"159",0.01,0.2,0.2,59,4967
"160",0.01,0.2,0.2,60,4746
"161",0.01,0.2,0.2,61,4715
"162",0.01,0.2,0.2,62,4683
"163",0.01,0.2,0.2,63,4644
"164",0.01,0.2,0.2,64,4587
"165",0.01,0.2,0.2,65,4789
"166",0.01,0.2,0.2,66,4738
"167",0.01,0.2,0.2,67,4768
"168",0.01,0.2,0.2,68,4984
"169",0.01,0.2,0.2,69,4822
"170",0.01,0.2,0.2,70,4925
"171",0.01,0.2,0.2,71,4664
"172",0.01,0.2,0.2,72,4670
"173",0.01,0.2,0.2,73,4761
"174",0.01,0.2,0.2,74,4717
"175",0.01,0.2,0.2,75,4715
"176",0.01,0.2,0.2,76,4718
"177",0.01,0.2,0.2,77,4703
"178",0.01,0.2,0.2,78,4853
"179",0.01,0.2,0.2,79,4711
"180",0.01,0.2,0.2,80,4796
"181",0.01,0.2,0.2,81,4703
"182",0.01,0.2,0.2,82,5011
"183",0.01,0.2,0.2,83,4917
"184",0.01,0.2,0.2,84,4919
"185",0.01,0.2,0.2,85,4770
"186",0.01,0.2,0.2,86,4824
"187",0.01,0.2,0.2,87,4893
"188",0.01,0.2,0.2,88,4719
"189",0.01,0.2,0.2,89,5049
"190",0.01,0.2,0.2,90,4692
"191",0.01,0.2,0.2,91,4740
"192",0.01,0.2,0.2,92,4854
"193",0.01,0.2,0.2,93,4893
"194",0.01,0.2,0.2,94,4656
"195",0.01,0.2,0.2,95,4827
"196",0.01,0.2,0.2,96,4883
"197",0.01,0.2,0.2,97,5096
"198",0.01,0.2,0.2,98,4586
"199",0.01,0.2,0.2,99,4963
"200",0.01,0.2,0.2,100,4809
"201",0.01,0.2,0.4,1,4934
"202",0.01,0.2,0.4,2,4886
"203",0.01,0.2,0.4,3,4800
"204",0.01,0.2,0.4,4,4963
"205",0.01,0.2,0.4,5,4771
"206",0.01,0.2,0.4,6,4633
"207",0.01,0.2,0.4,7,4986
"208",0.01,0.2,0.4,8,4826
"209",0.01,0.2,0.4,9,4842
"210",0.01,0.2,0.4,10,4762
"211",0.01,0.2,0.4,11,4744
"212",0.01,0.2,0.4,12,4807
"213",0.01,0.2,0.4,13,4742
"214",0.01,0.2,0.4,14,4822
"215",0.01,0.2,0.4,15,4681
"216",0.01,0.2,0.4,16,4853
"217",0.01,0.2,0.4,17,4760
"218",0.01,0.2,0.4,18,4916
"219",0.01,0.2,0.4,19,4852
"220",0.01,0.2,0.4,20,4598
"221",0.01,0.2,0.4,21,5037
"222",0.01,0.2,0.4,22,4956
"223",0.01,0.2,0.4,23,4894
"224",0.01,0.2,0.4,24,4984
"225",0.01,0.2,0.4,25,4737
"226",0.01,0.2,0.4,26,4818
"227",0.01,0.2,0.4,27,5092
"228",0.01,0.2,0.4,28,4728
"229",0.01,0.2,0.4,29,5031
"230",0.01,0.2,0.4,30,4856
"231",0.01,0.2,0.4,31,4574
"232",0.01,0.2,0.4,32,4789
"233",0.01,0.2,0.4,33,4832
"234",0.01,0.2,0.4,34,4716
"235",0.01,0.2,0.4,35,4596
"236",0.01,0.2,0.4,36,4738
"237",0.01,0.2,0.4,37,4969
"238",0.01,0.2,0.4,38,4647
"239",0.01,0.2,0.4,39,4925
"240",0.01,0.2,0.4,40,4980
"241",0.01,0.2,0.4,41,4748
"242",0.01,0.2,0.4,42,4632
"243",0.01,0.2,0.4,43,4874
"244",0.01,0.2,0.4,44,5012
"245",0.01,0.2,0.4,45,4695
"246",0.01,0.2,0.4,46,4771
"247",0.01,0.2,0.4,47,4984
"248",0.01,0.2,0.4,48,4829
"249",0.01,0.2,0.4,49,4972
"250",0.01,0.2,0.4,50,4856
"251",0.01,0.2,0.4,51,4865
"252",0.01,0.2,0.4,52,4888
"253",0.01,0.2,0.4,53,5166
"254",0.01,0.2,0.4,54,4649
"255",0.01,0.2,0.4,55,4671
"256",0.01,0.2,0.4,56,4870
"257",0.01,0.2,0.4,57,4764
"258",0.01,0.2,0.4,58,4902
"259",0.01,0.2,0.4,59,4663
"260",0.01,0.2,0.4,60,4888
"261",0.01,0.2,0.4,61,4488
"262",0.01,0.2,0.4,62,4894
"263",0.01,0.2,0.4,63,4786
"264",0.01,0.2,0.4,64,4755
"265",0.01,0.2,0.4,65,4711
"266",0.01,0.2,0.4,66,4826
"267",0.01,0.2,0.4,67,4971
"268",0.01,0.2,0.4,68,4777
"269",0.01,0.2,0.4,69,4706
"270",0.01,0.2,0.4,70,4930
"271",0.01,0.2,0.4,71,4911
"272",0.01,0.2,0.4,72,4767
"273",0.01,0.2,0.4,73,4652
"274",0.01,0.2,0.4,74,4777
"275",0.01,0.2,0.4,75,4596
"276",0.01,0.2,0.4,76,4771
"277",0.01,0.2,0.4,77,5180
"278",0.01,0.2,0.4,78,4687
"279",0.01,0.2,0.4,79,4474
"280",0.01,0.2,0.4,80,4791
"281",0.01,0.2,0.4,81,4444
"282",0.01,0.2,0.4,82,4821
"283",0.01,0.2,0.4,83,4873
"284",0.01,0.2,0.4,84,4906
"285",0.01,0.2,0.4,85,4814
"286",0.01,0.2,0.4,86,4846
"287",0.01,0.2,0.4,87,4856
"288",0.01,0.2,0.4,88,4529
"289",0.01,0.2,0.4,89,4792
"290",0.01,0.2,0.4,90,4758
"291",0.01,0.2,0.4,91,4903
"292",0.01,0.2,0.4,92,4825
"293",0.01,0.2,0.4,93,4748
"294",0.01,0.2,0.4,94,4521
"295",0.01,0.2,0.4,95,4716
"296",0.01,0.2,0.4,96,4713
"297",0.01,0.2,0.4,97,4734
"298",0.01,0.2,0.4,98,4897
"299",0.01,0.2,0.4,99,4594
"300",0.01,0.2,0.4,100,4688
"301",0.01,0.2,0.6,1,4700
"302",0.01,0.2,0.6,2,4651
"303",0.01,0.2,0.6,3,5069
"304",0.01,0.2,0.6,4,5038
"305",0.01,0.2,0.6,5,4585
"306",0.01,0.2,0.6,6,4543
"307",0.01,0.2,0.6,7,4824
"308",0.01,0.2,0.6,8,4736
"309",0.01,0.2,0.6,9,4915
"310",0.01,0.2,0.6,10,4989
"311",0.01,0.2,0.6,11,4625
"312",0.01,0.2,0.6,12,5147
"313",0.01,0.2,0.6,13,4998
"314",0.01,0.2,0.6,14,4676
"315",0.01,0.2,0.6,15,4747
"316",0.01,0.2,0.6,16,4990
"317",0.01,0.2,0.6,17,4980
"318",0.01,0.2,0.6,18,4722
"319",0.01,0.2,0.6,19,4771
"320",0.01,0.2,0.6,20,4644
"321",0.01,0.2,0.6,21,5040
"322",0.01,0.2,0.6,22,4732
"323",0.01,0.2,0.6,23,4923
"324",0.01,0.2,0.6,24,5077
"325",0.01,0.2,0.6,25,5018
"326",0.01,0.2,0.6,26,5026
"327",0.01,0.2,0.6,27,4928
"328",0.01,0.2,0.6,28,5011
"329",0.01,0.2,0.6,29,4780
"330",0.01,0.2,0.6,30,5078
"331",0.01,0.2,0.6,31,4690
"332",0.01,0.2,0.6,32,4902
"333",0.01,0.2,0.6,33,4776
"334",0.01,0.2,0.6,34,5080
"335",0.01,0.2,0.6,35,5126
"336",0.01,0.2,0.6,36,4805
"337",0.01,0.2,0.6,37,5150
"338",0.01,0.2,0.6,38,5145
"339",0.01,0.2,0.6,39,4552
"340",0.01,0.2,0.6,40,4991
"341",0.01,0.2,0.6,41,4725
"342",0.01,0.2,0.6,42,4778
"343",0.01,0.2,0.6,43,4892
"344",0.01,0.2,0.6,44,4745
"345",0.01,0.2,0.6,45,4844
"346",0.01,0.2,0.6,46,4808
"347",0.01,0.2,0.6,47,4478
"348",0.01,0.2,0.6,48,4930
"349",0.01,0.2,0.6,49,4738
"350",0.01,0.2,0.6,50,4722
"351",0.01,0.2,0.6,51,4931
"352",0.01,0.2,0.6,52,4872
"353",0.01,0.2,0.6,53,4869
"354",0.01,0.2,0.6,54,4786
"355",0.01,0.2,0.6,55,5220
"356",0.01,0.2,0.6,56,5054
"357",0.01,0.2,0.6,57,4655
"358",0.01,0.2,0.6,58,4662
"359",0.01,0.2,0.6,59,4981
"360",0.01,0.2,0.6,60,4904
"361",0.01,0.2,0.6,61,4610
"362",0.01,0.2,0.6,62,5045
"363",0.01,0.2,0.6,63,4875
"364",0.01,0.2,0.6,64,4801
"365",0.01,0.2,0.6,65,4903
"366",0.01,0.2,0.6,66,4593
"367",0.01,0.2,0.6,67,4744
"368",0.01,0.2,0.6,68,4919
"369",0.01,0.2,0.6,69,4660
"370",0.01,0.2,0.6,70,4687
"371",0.01,0.2,0.6,71,5078
"372",0.01,0.2,0.6,72,5025
"373",0.01,0.2,0.6,73,4842
"374",0.01,0.2,0.6,74,4722
"375",0.01,0.2,0.6,75,4597
"376",0.01,0.2,0.6,76,5087
"377",0.01,0.2,0.6,77,4645
"378",0.01,0.2,0.6,78,4615
"379",0.01,0.2,0.6,79,4979
"380",0.01,0.2,0.6,80,4965
"381",0.01,0.2,0.6,81,4935
"382",0.01,0.2,0.6,82,4743
"383",0.01,0.2,0.6,83,4818
"384",0.01,0.2,0.6,84,4888
"385",0.01,0.2,0.6,85,4998
"386",0.01,0.2,0.6,86,4792
"387",0.01,0.2,0.6,87,4982
"388",0.01,0.2,0.6,88,4752
"389",0.01,0.2,0.6,89,4888
"390",0.01,0.2,0.6,90,4860
"391",0.01,0.2,0.6,91,4961
"392",0.01,0.2,0.6,92,4953
"393",0.01,0.2,0.6,93,4760
"394",0.01,0.2,0.6,94,5026
"395",0.01,0.2,0.6,95,4908
"396",0.01,0.2,0.6,96,4899
"397",0.01,0.2,0.6,97,4963
"398",0.01,0.2,0.6,98,4883
"399",0.01,0.2,0.6,99,4972
"400",0.01,0.2,0.6,100,4902
"401",0.01,0.2,0.8,1,4771
"402",0.01,0.2,0.8,2,4734
"403",0.01,0.2,0.8,3,4893
"404",0.01,0.2,0.8,4,4672
"405",0.01,0.2,0.8,5,4960
"406",0.01,0.2,0.8,6,4722
"407",0.01,0.2,0.8,7,5080
"408",0.01,0.2,0.8,8,5007
"409",0.01,0.2,0.8,9,4821
"410",0.01,0.2,0.8,10,4877
"411",0.01,0.2,0.8,11,4945
"412",0.01,0.2,0.8,12,4993
"413",0.01,0.2,0.8,13,4676
"414",0.01,0.2,0.8,14,4763
"415",0.01,0.2,0.8,15,5054
"416",0.01,0.2,0.8,16,5130
"417",0.01,0.2,0.8,17,5094
"418",0.01,0.2,0.8,18,4991
"419",0.01,0.2,0.8,19,5056
"420",0.01,0.2,0.8,20,5454
"421",0.01,0.2,0.8,21,5046
"422",0.01,0.2,0.8,22,5118
"423",0.01,0.2,0.8,23,5140
"424",0.01,0.2,0.8,24,5037
"425",0.01,0.2,0.8,25,4980
"426",0.01,0.2,0.8,26,5019
"427",0.01,0.2,0.8,27,5027
"428",0.01,0.2,0.8,28,5020
"429",0.01,0.2,0.8,29,4589
"430",0.01,0.2,0.8,30,5026
"431",0.01,0.2,0.8,31,4941
"432",0.01,0.2,0.8,32,4703
"433",0.01,0.2,0.8,33,5127
"434",0.01,0.2,0.8,34,5023
"435",0.01,0.2,0.8,35,4741
"436",0.01,0.2,0.8,36,5058
"437",0.01,0.2,0.8,37,5024
"438",0.01,0.2,0.8,38,4705
"439",0.01,0.2,0.8,39,5023
"440",0.01,0.2,0.8,40,5046
"441",0.01,0.2,0.8,41,5094
"442",0.01,0.2,0.8,42,4816
"443",0.01,0.2,0.8,43,4970
"444",0.01,0.2,0.8,44,4953
"445",0.01,0.2,0.8,45,5203
"446",0.01,0.2,0.8,46,5007
"447",0.01,0.2,0.8,47,4696
"448",0.01,0.2,0.8,48,4899
"449",0.01,0.2,0.8,49,5049
"450",0.01,0.2,0.8,50,5117
"451",0.01,0.2,0.8,51,5400
"452",0.01,0.2,0.8,52,4932
"453",0.01,0.2,0.8,53,4799
"454",0.01,0.2,0.8,54,5160
"455",0.01,0.2,0.8,55,4727
"456",0.01,0.2,0.8,56,5008
"457",0.01,0.2,0.8,57,4924
"458",0.01,0.2,0.8,58,5146
"459",0.01,0.2,0.8,59,4916
"460",0.01,0.2,0.8,60,4746
"461",0.01,0.2,0.8,61,4972
"462",0.01,0.2,0.8,62,5126
"463",0.01,0.2,0.8,63,4501
"464",0.01,0.2,0.8,64,5050
"465",0.01,0.2,0.8,65,4800
"466",0.01,0.2,0.8,66,5073
"467",0.01,0.2,0.8,67,4846
"468",0.01,0.2,0.8,68,5042
"469",0.01,0.2,0.8,69,4558
"470",0.01,0.2,0.8,70,4871
"471",0.01,0.2,0.8,71,4992
"472",0.01,0.2,0.8,72,5168
"473",0.01,0.2,0.8,73,5095
"474",0.01,0.2,0.8,74,5094
"475",0.01,0.2,0.8,75,4560
"476",0.01,0.2,0.8,76,4968
"477",0.01,0.2,0.8,77,4946
"478",0.01,0.2,0.8,78,5096
"479",0.01,0.2,0.8,79,5406
"480",0.01,0.2,0.8,80,4800
"481",0.01,0.2,0.8,81,5095
"482",0.01,0.2,0.8,82,4890
"483",0.01,0.2,0.8,83,5018
"484",0.01,0.2,0.8,84,5112
"485",0.01,0.2,0.8,85,5048
"486",0.01,0.2,0.8,86,4792
"487",0.01,0.2,0.8,87,4372
"488",0.01,0.2,0.8,88,5083
"489",0.01,0.2,0.8,89,4873
"490",0.01,0.2,0.8,90,5148
"491",0.01,0.2,0.8,91,4928
"492",0.01,0.2,0.8,92,4949
"493",0.01,0.2,0.8,93,4966
"494",0.01,0.2,0.8,94,4784
"495",0.01,0.2,0.8,95,5138
"496",0.01,0.2,0.8,96,5052
"497",0.01,0.2,0.8,97,4941
"498",0.01,0.2,0.8,98,5125
"499",0.01,0.2,0.8,99,4887
"500",0.01,0.2,0.8,100,4761
"501",0.01,0.2,0.95,1,297952
"502",0.01,0.2,0.95,2,294700
"503",0.01,0.2,0.95,3,297150
"504",0.01,0.2,0.95,4,284775
"505",0.01,0.2,0.95,5,302388
"506",0.01,0.2,0.95,6,304005
"507",0.01,0.2,0.95,7,295044
"508",0.01,0.2,0.95,8,293783
"509",0.01,0.2,0.95,9,285484
"510",0.01,0.2,0.95,10,291813
"511",0.01,0.2,0.95,11,297446
"512",0.01,0.2,0.95,12,292627
"513",0.01,0.2,0.95,13,293514
"514",0.01,0.2,0.95,14,285148
"515",0.01,0.2,0.95,15,295739
"516",0.01,0.2,0.95,16,294451
"517",0.01,0.2,0.95,17,303256
"518",0.01,0.2,0.95,18,292059
"519",0.01,0.2,0.95,19,298920
"520",0.01,0.2,0.95,20,293298
"521",0.01,0.2,0.95,21,293059
"522",0.01,0.2,0.95,22,295779
"523",0.01,0.2,0.95,23,304767
"524",0.01,0.2,0.95,24,296279
"525",0.01,0.2,0.95,25,295947
"526",0.01,0.2,0.95,26,275698
"527",0.01,0.2,0.95,27,297092
"528",0.01,0.2,0.95,28,300025
"529",0.01,0.2,0.95,29,294181
"530",0.01,0.2,0.95,30,297998
"531",0.01,0.2,0.95,31,301789
"532",0.01,0.2,0.95,32,299963
"533",0.01,0.2,0.95,33,292938
"534",0.01,0.2,0.95,34,303857
"535",0.01,0.2,0.95,35,287092
"536",0.01,0.2,0.95,36,300730
"537",0.01,0.2,0.95,37,287095
"538",0.01,0.2,0.95,38,296267
"539",0.01,0.2,0.95,39,298789
"540",0.01,0.2,0.95,40,291365
"541",0.01,0.2,0.95,41,297435
"542",0.01,0.2,0.95,42,292477
"543",0.01,0.2,0.95,43,285556
"544",0.01,0.2,0.95,44,294917
"545",0.01,0.2,0.95,45,302214
"546",0.01,0.2,0.95,46,301397
"547",0.01,0.2,0.95,47,292371
"548",0.01,0.2,0.95,48,283582
"549",0.01,0.2,0.95,49,294133
"550",0.01,0.2,0.95,50,290512
"551",0.01,0.2,0.95,51,288362
"552",0.01,0.2,0.95,52,297231
"553",0.01,0.2,0.95,53,290057
"554",0.01,0.2,0.95,54,296139
"555",0.01,0.2,0.95,55,300783
"556",0.01,0.2,0.95,56,289205
"557",0.01,0.2,0.95,57,301874
"558",0.01,0.2,0.95,58,294656
"559",0.01,0.2,0.95,59,294142
"560",0.01,0.2,0.95,60,297644
"561",0.01,0.2,0.95,61,300172
"562",0.01,0.2,0.95,62,294174
"563",0.01,0.2,0.95,63,295635
"564",0.01,0.2,0.95,64,297435
"565",0.01,0.2,0.95,65,298873
"566",0.01,0.2,0.95,66,292898
"567",0.01,0.2,0.95,67,294348
"568",0.01,0.2,0.95,68,300492
"569",0.01,0.2,0.95,69,302163
"570",0.01,0.2,0.95,70,288957
"571",0.01,0.2,0.95,71,305661
"572",0.01,0.2,0.95,72,293222
"573",0.01,0.2,0.95,73,304291
"574",0.01,0.2,0.95,74,291160
"575",0.01,0.2,0.95,75,296737
"576",0.01,0.2,0.95,76,290747
"577",0.01,0.2,0.95,77,295813
"578",0.01,0.2,0.95,78,296791
"579",0.01,0.2,0.95,79,287893
"580",0.01,0.2,0.95,80,300252
"581",0.01,0.2,0.95,81,290796
"582",0.01,0.2,0.95,82,287224
"583",0.01,0.2,0.95,83,289173
"584",0.01,0.2,0.95,84,289685
"585",0.01,0.2,0.95,85,288847
"586",0.01,0.2,0.95,86,292352
"587",0.01,0.2,0.95,87,291749
"588",0.01,0.2,0.95,88,288957
"589",0.01,0.2,0.95,89,292297
"590",0.01,0.2,0.95,90,303175
"591",0.01,0.2,0.95,91,298073
"592",0.01,0.2,0.95,92,290100
"593",0.01,0.2,0.95,93,295035
"594",0.01,0.2,0.95,94,293550
"595",0.01,0.2,0.95,95,292083
"596",0.01,0.2,0.95,96,296084
"597",0.01,0.2,0.95,97,298836
"598",0.01,0.2,0.95,98,300183
"599",0.01,0.2,0.95,99,289114
"600",0.01,0.2,0.95,100,296983
"601",0.01,0.2,0.99,1,332014
"602",0.01,0.2,0.99,2,333448
"603",0.01,0.2,0.99,3,331126
"604",0.01,0.2,0.99,4,334351
"605",0.01,0.2,0.99,5,331924
"606",0.01,0.2,0.99,6,333169
"607",0.01,0.2,0.99,7,333042
"608",0.01,0.2,0.99,8,334350
"609",0.01,0.2,0.99,9,329667
"610",0.01,0.2,0.99,10,332020
"611",0.01,0.2,0.99,11,335449
"612",0.01,0.2,0.99,12,329563
"613",0.01,0.2,0.99,13,337240
"614",0.01,0.2,0.99,14,330532
"615",0.01,0.2,0.99,15,332478
"616",0.01,0.2,0.99,16,332314
"617",0.01,0.2,0.99,17,333999
"618",0.01,0.2,0.99,18,331123
"619",0.01,0.2,0.99,19,330686
"620",0.01,0.2,0.99,20,329391
"621",0.01,0.2,0.99,21,334087
"622",0.01,0.2,0.99,22,333575
"623",0.01,0.2,0.99,23,333674
"624",0.01,0.2,0.99,24,336673
"625",0.01,0.2,0.99,25,337873
"626",0.01,0.2,0.99,26,332192
"627",0.01,0.2,0.99,27,331625
"628",0.01,0.2,0.99,28,330795
"629",0.01,0.2,0.99,29,331173
"630",0.01,0.2,0.99,30,328901
"631",0.01,0.2,0.99,31,335539
"632",0.01,0.2,0.99,32,335392
"633",0.01,0.2,0.99,33,332262
"634",0.01,0.2,0.99,34,333312
"635",0.01,0.2,0.99,35,334309
"636",0.01,0.2,0.99,36,330203
"637",0.01,0.2,0.99,37,334837
"638",0.01,0.2,0.99,38,335272
"639",0.01,0.2,0.99,39,335643
"640",0.01,0.2,0.99,40,328281
"641",0.01,0.2,0.99,41,333918
"642",0.01,0.2,0.99,42,330513
"643",0.01,0.2,0.99,43,332113
"644",0.01,0.2,0.99,44,332414
"645",0.01,0.2,0.99,45,329149
"646",0.01,0.2,0.99,46,328160
"647",0.01,0.2,0.99,47,330130
"648",0.01,0.2,0.99,48,333799
"649",0.01,0.2,0.99,49,330948
"650",0.01,0.2,0.99,50,330944
"651",0.01,0.2,0.99,51,333599
"652",0.01,0.2,0.99,52,332158
"653",0.01,0.2,0.99,53,331425
"654",0.01,0.2,0.99,54,333765
"655",0.01,0.2,0.99,55,334350
"656",0.01,0.2,0.99,56,332383
"657",0.01,0.2,0.99,57,336274
"658",0.01,0.2,0.99,58,331633
"659",0.01,0.2,0.99,59,331306
"660",0.01,0.2,0.99,60,334957
"661",0.01,0.2,0.99,61,332589
"662",0.01,0.2,0.99,62,336956
"663",0.01,0.2,0.99,63,337063
"664",0.01,0.2,0.99,64,336818
"665",0.01,0.2,0.99,65,333419
"666",0.01,0.2,0.99,66,333438
"667",0.01,0.2,0.99,67,329847
"668",0.01,0.2,0.99,68,338414
"669",0.01,0.2,0.99,69,334769
"670",0.01,0.2,0.99,70,331668
"671",0.01,0.2,0.99,71,334754
"672",0.01,0.2,0.99,72,334680
"673",0.01,0.2,0.99,73,335427
"674",0.01,0.2,0.99,74,333044
"675",0.01,0.2,0.99,75,333225
"676",0.01,0.2,0.99,76,333609
"677",0.01,0.2,0.99,77,329249
"678",0.01,0.2,0.99,78,336782
"679",0.01,0.2,0.99,79,340713
"680",0.01,0.2,0.99,80,335862
"681",0.01,0.2,0.99,81,335334
"682",0.01,0.2,0.99,82,328891
"683",0.01,0.2,0.99,83,336984
"684",0.01,0.2,0.99,84,329410
"685",0.01,0.2,0.99,85,335674
"686",0.01,0.2,0.99,86,332115
"687",0.01,0.2,0.99,87,332894
"688",0.01,0.2,0.99,88,334687
"689",0.01,0.2,0.99,89,331134
"690",0.01,0.2,0.99,90,335817
"691",0.01,0.2,0.99,91,334197
"692",0.01,0.2,0.99,92,332181
"693",0.01,0.2,0.99,93,334778
"694",0.01,0.2,0.99,94,334378
"695",0.01,0.2,0.99,95,331660
"696",0.01,0.2,0.99,96,336049
"697",0.01,0.2,0.99,97,326915
"698",0.01,0.2,0.99,98,328583
"699",0.01,0.2,0.99,99,338652
"700",0.01,0.2,0.99,100,327225
"701",0.01,0.2,1,1,346876
"702",0.01,0.2,1,2,349742
"703",0.01,0.2,1,3,345285
"704",0.01,0.2,1,4,346910
"705",0.01,0.2,1,5,349064
"706",0.01,0.2,1,6,349324
"707",0.01,0.2,1,7,348157
"708",0.01,0.2,1,8,349562
"709",0.01,0.2,1,9,347072
"710",0.01,0.2,1,10,347757
"711",0.01,0.2,1,11,349544
"712",0.01,0.2,1,12,349022
"713",0.01,0.2,1,13,350863
"714",0.01,0.2,1,14,351082
"715",0.01,0.2,1,15,350475
"716",0.01,0.2,1,16,346453
"717",0.01,0.2,1,17,345805
"718",0.01,0.2,1,18,349584
"719",0.01,0.2,1,19,347694
"720",0.01,0.2,1,20,353124
"721",0.01,0.2,1,21,351650
"722",0.01,0.2,1,22,347000
"723",0.01,0.2,1,23,350077
"724",0.01,0.2,1,24,354344
"725",0.01,0.2,1,25,351789
"726",0.01,0.2,1,26,350410
"727",0.01,0.2,1,27,346828
"728",0.01,0.2,1,28,345666
"729",0.01,0.2,1,29,350794
"730",0.01,0.2,1,30,350302
"731",0.01,0.2,1,31,349492
"732",0.01,0.2,1,32,343414
"733",0.01,0.2,1,33,347138
"734",0.01,0.2,1,34,345666
"735",0.01,0.2,1,35,347320
"736",0.01,0.2,1,36,344323
"737",0.01,0.2,1,37,348490
"738",0.01,0.2,1,38,350284
"739",0.01,0.2,1,39,350860
"740",0.01,0.2,1,40,351259
"741",0.01,0.2,1,41,353368
"742",0.01,0.2,1,42,350174
"743",0.01,0.2,1,43,349292
"744",0.01,0.2,1,44,347673
"745",0.01,0.2,1,45,350008
"746",0.01,0.2,1,46,346202
"747",0.01,0.2,1,47,350837
"748",0.01,0.2,1,48,345947
"749",0.01,0.2,1,49,347939
"750",0.01,0.2,1,50,345736
"751",0.01,0.2,1,51,348029
"752",0.01,0.2,1,52,353642
"753",0.01,0.2,1,53,352948
"754",0.01,0.2,1,54,348420
"755",0.01,0.2,1,55,348948
"756",0.01,0.2,1,56,349793
"757",0.01,0.2,1,57,351049
"758",0.01,0.2,1,58,350211
"759",0.01,0.2,1,59,351648
"760",0.01,0.2,1,60,347280
"761",0.01,0.2,1,61,346318
"762",0.01,0.2,1,62,347832
"763",0.01,0.2,1,63,348527
"764",0.01,0.2,1,64,346195
"765",0.01,0.2,1,65,345091
"766",0.01,0.2,1,66,346371
"767",0.01,0.2,1,67,351952
"768",0.01,0.2,1,68,351017
"769",0.01,0.2,1,69,347125
"770",0.01,0.2,1,70,340077
"771",0.01,0.2,1,71,344052
"772",0.01,0.2,1,72,353557
"773",0.01,0.2,1,73,349778
"774",0.01,0.2,1,74,346465
"775",0.01,0.2,1,75,350733
"776",0.01,0.2,1,76,350391
"777",0.01,0.2,1,77,354475
"778",0.01,0.2,1,78,352862
"779",0.01,0.2,1,79,348244
"780",0.01,0.2,1,80,349760
"781",0.01,0.2,1,81,353549
"782",0.01,0.2,1,82,349956
"783",0.01,0.2,1,83,348318
"784",0.01,0.2,1,84,346078
"785",0.01,0.2,1,85,347496
"786",0.01,0.2,1,86,347585
"787",0.01,0.2,1,87,350082
"788",0.01,0.2,1,88,353478
"789",0.01,0.2,1,89,345684
"790",0.01,0.2,1,90,350525
"791",0.01,0.2,1,91,346054
"792",0.01,0.2,1,92,352224
"793",0.01,0.2,1,93,353147
"794",0.01,0.2,1,94,350829
"795",0.01,0.2,1,95,345267
"796",0.01,0.2,1,96,349468
"797",0.01,0.2,1,97,347281
"798",0.01,0.2,1,98,353701
"799",0.01,0.2,1,99,348698
"800",0.01,0.2,1,100,353463
