"","Selection_coefficient","Dominance_coefficient","Uniparenting_rate","Replicate","N_segregating_mutations_selfing"
"1",0.01,0.2,0,1,4783
"2",0.01,0.2,0,2,4592
"3",0.01,0.2,0,3,4546
"4",0.01,0.2,0,4,4666
"5",0.01,0.2,0,5,4506
"6",0.01,0.2,0,6,4763
"7",0.01,0.2,0,7,4807
"8",0.01,0.2,0,8,4757
"9",0.01,0.2,0,9,4653
"10",0.01,0.2,0,10,4774
"11",0.01,0.2,0,11,4775
"12",0.01,0.2,0,12,4889
"13",0.01,0.2,0,13,4615
"14",0.01,0.2,0,14,4762
"15",0.01,0.2,0,15,4855
"16",0.01,0.2,0,16,4866
"17",0.01,0.2,0,17,4686
"18",0.01,0.2,0,18,4711
"19",0.01,0.2,0,19,4736
"20",0.01,0.2,0,20,4819
"21",0.01,0.2,0,21,4943
"22",0.01,0.2,0,22,4999
"23",0.01,0.2,0,23,4755
"24",0.01,0.2,0,24,4776
"25",0.01,0.2,0,25,4953
"26",0.01,0.2,0,26,4680
"27",0.01,0.2,0,27,5052
"28",0.01,0.2,0,28,4899
"29",0.01,0.2,0,29,4652
"30",0.01,0.2,0,30,4715
"31",0.01,0.2,0,31,4872
"32",0.01,0.2,0,32,4763
"33",0.01,0.2,0,33,4820
"34",0.01,0.2,0,34,4590
"35",0.01,0.2,0,35,4677
"36",0.01,0.2,0,36,4777
"37",0.01,0.2,0,37,4782
"38",0.01,0.2,0,38,4697
"39",0.01,0.2,0,39,4719
"40",0.01,0.2,0,40,4977
"41",0.01,0.2,0,41,4710
"42",0.01,0.2,0,42,4676
"43",0.01,0.2,0,43,4791
"44",0.01,0.2,0,44,4766
"45",0.01,0.2,0,45,4716
"46",0.01,0.2,0,46,4645
"47",0.01,0.2,0,47,4687
"48",0.01,0.2,0,48,4792
"49",0.01,0.2,0,49,5103
"50",0.01,0.2,0,50,4894
"51",0.01,0.2,0,51,4843
"52",0.01,0.2,0,52,4830
"53",0.01,0.2,0,53,4898
"54",0.01,0.2,0,54,4862
"55",0.01,0.2,0,55,4750
"56",0.01,0.2,0,56,5155
"57",0.01,0.2,0,57,4684
"58",0.01,0.2,0,58,4737
"59",0.01,0.2,0,59,5041
"60",0.01,0.2,0,60,4624
"61",0.01,0.2,0,61,4565
"62",0.01,0.2,0,62,4719
"63",0.01,0.2,0,63,4864
"64",0.01,0.2,0,64,4859
"65",0.01,0.2,0,65,4783
"66",0.01,0.2,0,66,4795
"67",0.01,0.2,0,67,4879
"68",0.01,0.2,0,68,4850
"69",0.01,0.2,0,69,4775
"70",0.01,0.2,0,70,4846
"71",0.01,0.2,0,71,5000
"72",0.01,0.2,0,72,4752
"73",0.01,0.2,0,73,4790
"74",0.01,0.2,0,74,4751
"75",0.01,0.2,0,75,4665
"76",0.01,0.2,0,76,4856
"77",0.01,0.2,0,77,4880
"78",0.01,0.2,0,78,4845
"79",0.01,0.2,0,79,4693
"80",0.01,0.2,0,80,4775
"81",0.01,0.2,0,81,4827
"82",0.01,0.2,0,82,5015
"83",0.01,0.2,0,83,4795
"84",0.01,0.2,0,84,4942
"85",0.01,0.2,0,85,4856
"86",0.01,0.2,0,86,4973
"87",0.01,0.2,0,87,4874
"88",0.01,0.2,0,88,5109
"89",0.01,0.2,0,89,4678
"90",0.01,0.2,0,90,4822
"91",0.01,0.2,0,91,4965
"92",0.01,0.2,0,92,4743
"93",0.01,0.2,0,93,4789
"94",0.01,0.2,0,94,4945
"95",0.01,0.2,0,95,4973
"96",0.01,0.2,0,96,4780
"97",0.01,0.2,0,97,4770
"98",0.01,0.2,0,98,4902
"99",0.01,0.2,0,99,4969
"100",0.01,0.2,0,100,4869
"101",0.01,0.2,0.2,1,3479
"102",0.01,0.2,0.2,2,3524
"103",0.01,0.2,0.2,3,3605
"104",0.01,0.2,0.2,4,3506
"105",0.01,0.2,0.2,5,3461
"106",0.01,0.2,0.2,6,3553
"107",0.01,0.2,0.2,7,3581
"108",0.01,0.2,0.2,8,3565
"109",0.01,0.2,0.2,9,3437
"110",0.01,0.2,0.2,10,3701
"111",0.01,0.2,0.2,11,3569
"112",0.01,0.2,0.2,12,3514
"113",0.01,0.2,0.2,13,3624
"114",0.01,0.2,0.2,14,3512
"115",0.01,0.2,0.2,15,3704
"116",0.01,0.2,0.2,16,3542
"117",0.01,0.2,0.2,17,3519
"118",0.01,0.2,0.2,18,3422
"119",0.01,0.2,0.2,19,3493
"120",0.01,0.2,0.2,20,3718
"121",0.01,0.2,0.2,21,3527
"122",0.01,0.2,0.2,22,3444
"123",0.01,0.2,0.2,23,3480
"124",0.01,0.2,0.2,24,3567
"125",0.01,0.2,0.2,25,3654
"126",0.01,0.2,0.2,26,3483
"127",0.01,0.2,0.2,27,3475
"128",0.01,0.2,0.2,28,3386
"129",0.01,0.2,0.2,29,3539
"130",0.01,0.2,0.2,30,3415
"131",0.01,0.2,0.2,31,3616
"132",0.01,0.2,0.2,32,3741
"133",0.01,0.2,0.2,33,3728
"134",0.01,0.2,0.2,34,3523
"135",0.01,0.2,0.2,35,3365
"136",0.01,0.2,0.2,36,3366
"137",0.01,0.2,0.2,37,3606
"138",0.01,0.2,0.2,38,3596
"139",0.01,0.2,0.2,39,3492
"140",0.01,0.2,0.2,40,3681
"141",0.01,0.2,0.2,41,3610
"142",0.01,0.2,0.2,42,3649
"143",0.01,0.2,0.2,43,3674
"144",0.01,0.2,0.2,44,3646
"145",0.01,0.2,0.2,45,3656
"146",0.01,0.2,0.2,46,3757
"147",0.01,0.2,0.2,47,3578
"148",0.01,0.2,0.2,48,3504
"149",0.01,0.2,0.2,49,3523
"150",0.01,0.2,0.2,50,3506
"151",0.01,0.2,0.2,51,3530
"152",0.01,0.2,0.2,52,3564
"153",0.01,0.2,0.2,53,3535
"154",0.01,0.2,0.2,54,3380
"155",0.01,0.2,0.2,55,3436
"156",0.01,0.2,0.2,56,3741
"157",0.01,0.2,0.2,57,3524
"158",0.01,0.2,0.2,58,3603
"159",0.01,0.2,0.2,59,3418
"160",0.01,0.2,0.2,60,3640
"161",0.01,0.2,0.2,61,3628
"162",0.01,0.2,0.2,62,3571
"163",0.01,0.2,0.2,63,3654
"164",0.01,0.2,0.2,64,3634
"165",0.01,0.2,0.2,65,3572
"166",0.01,0.2,0.2,66,3581
"167",0.01,0.2,0.2,67,3617
"168",0.01,0.2,0.2,68,3652
"169",0.01,0.2,0.2,69,3519
"170",0.01,0.2,0.2,70,3675
"171",0.01,0.2,0.2,71,3746
"172",0.01,0.2,0.2,72,3575
"173",0.01,0.2,0.2,73,3632
"174",0.01,0.2,0.2,74,3617
"175",0.01,0.2,0.2,75,3450
"176",0.01,0.2,0.2,76,3601
"177",0.01,0.2,0.2,77,3529
"178",0.01,0.2,0.2,78,3614
"179",0.01,0.2,0.2,79,3475
"180",0.01,0.2,0.2,80,3775
"181",0.01,0.2,0.2,81,3603
"182",0.01,0.2,0.2,82,3607
"183",0.01,0.2,0.2,83,3500
"184",0.01,0.2,0.2,84,3501
"185",0.01,0.2,0.2,85,3494
"186",0.01,0.2,0.2,86,3571
"187",0.01,0.2,0.2,87,3662
"188",0.01,0.2,0.2,88,3464
"189",0.01,0.2,0.2,89,3456
"190",0.01,0.2,0.2,90,3657
"191",0.01,0.2,0.2,91,3672
"192",0.01,0.2,0.2,92,3606
"193",0.01,0.2,0.2,93,3620
"194",0.01,0.2,0.2,94,3669
"195",0.01,0.2,0.2,95,3645
"196",0.01,0.2,0.2,96,3623
"197",0.01,0.2,0.2,97,3640
"198",0.01,0.2,0.2,98,3406
"199",0.01,0.2,0.2,99,3665
"200",0.01,0.2,0.2,100,3643
"201",0.01,0.2,0.4,1,2528
"202",0.01,0.2,0.4,2,2566
"203",0.01,0.2,0.4,3,2576
"204",0.01,0.2,0.4,4,2579
"205",0.01,0.2,0.4,5,2616
"206",0.01,0.2,0.4,6,2512
"207",0.01,0.2,0.4,7,2538
"208",0.01,0.2,0.4,8,2590
"209",0.01,0.2,0.4,9,2544
"210",0.01,0.2,0.4,10,2769
"211",0.01,0.2,0.4,11,2753
"212",0.01,0.2,0.4,12,2591
"213",0.01,0.2,0.4,13,2669
"214",0.01,0.2,0.4,14,2588
"215",0.01,0.2,0.4,15,2613
"216",0.01,0.2,0.4,16,2597
"217",0.01,0.2,0.4,17,2571
"218",0.01,0.2,0.4,18,2628
"219",0.01,0.2,0.4,19,2813
"220",0.01,0.2,0.4,20,2785
"221",0.01,0.2,0.4,21,2651
"222",0.01,0.2,0.4,22,2771
"223",0.01,0.2,0.4,23,2666
"224",0.01,0.2,0.4,24,2621
"225",0.01,0.2,0.4,25,2565
"226",0.01,0.2,0.4,26,2696
"227",0.01,0.2,0.4,27,2705
"228",0.01,0.2,0.4,28,2563
"229",0.01,0.2,0.4,29,2484
"230",0.01,0.2,0.4,30,2569
"231",0.01,0.2,0.4,31,2670
"232",0.01,0.2,0.4,32,2478
"233",0.01,0.2,0.4,33,2769
"234",0.01,0.2,0.4,34,2675
"235",0.01,0.2,0.4,35,2650
"236",0.01,0.2,0.4,36,2728
"237",0.01,0.2,0.4,37,2651
"238",0.01,0.2,0.4,38,2694
"239",0.01,0.2,0.4,39,2659
"240",0.01,0.2,0.4,40,2549
"241",0.01,0.2,0.4,41,2506
"242",0.01,0.2,0.4,42,2652
"243",0.01,0.2,0.4,43,2517
"244",0.01,0.2,0.4,44,2466
"245",0.01,0.2,0.4,45,2665
"246",0.01,0.2,0.4,46,2393
"247",0.01,0.2,0.4,47,2779
"248",0.01,0.2,0.4,48,2739
"249",0.01,0.2,0.4,49,2727
"250",0.01,0.2,0.4,50,2549
"251",0.01,0.2,0.4,51,2581
"252",0.01,0.2,0.4,52,2695
"253",0.01,0.2,0.4,53,2703
"254",0.01,0.2,0.4,54,2699
"255",0.01,0.2,0.4,55,2586
"256",0.01,0.2,0.4,56,2634
"257",0.01,0.2,0.4,57,2536
"258",0.01,0.2,0.4,58,2641
"259",0.01,0.2,0.4,59,2831
"260",0.01,0.2,0.4,60,2613
"261",0.01,0.2,0.4,61,2543
"262",0.01,0.2,0.4,62,2623
"263",0.01,0.2,0.4,63,2790
"264",0.01,0.2,0.4,64,2742
"265",0.01,0.2,0.4,65,2547
"266",0.01,0.2,0.4,66,2584
"267",0.01,0.2,0.4,67,2670
"268",0.01,0.2,0.4,68,2622
"269",0.01,0.2,0.4,69,2729
"270",0.01,0.2,0.4,70,2683
"271",0.01,0.2,0.4,71,2516
"272",0.01,0.2,0.4,72,2630
"273",0.01,0.2,0.4,73,2522
"274",0.01,0.2,0.4,74,2583
"275",0.01,0.2,0.4,75,2725
"276",0.01,0.2,0.4,76,2661
"277",0.01,0.2,0.4,77,2643
"278",0.01,0.2,0.4,78,2752
"279",0.01,0.2,0.4,79,2790
"280",0.01,0.2,0.4,80,2762
"281",0.01,0.2,0.4,81,2695
"282",0.01,0.2,0.4,82,2646
"283",0.01,0.2,0.4,83,2596
"284",0.01,0.2,0.4,84,2569
"285",0.01,0.2,0.4,85,2504
"286",0.01,0.2,0.4,86,2547
"287",0.01,0.2,0.4,87,2450
"288",0.01,0.2,0.4,88,2691
"289",0.01,0.2,0.4,89,2674
"290",0.01,0.2,0.4,90,2616
"291",0.01,0.2,0.4,91,2723
"292",0.01,0.2,0.4,92,2631
"293",0.01,0.2,0.4,93,2749
"294",0.01,0.2,0.4,94,2662
"295",0.01,0.2,0.4,95,2605
"296",0.01,0.2,0.4,96,2848
"297",0.01,0.2,0.4,97,2734
"298",0.01,0.2,0.4,98,2532
"299",0.01,0.2,0.4,99,2813
"300",0.01,0.2,0.4,100,2665
"301",0.01,0.2,0.6,1,2039
"302",0.01,0.2,0.6,2,2007
"303",0.01,0.2,0.6,3,1959
"304",0.01,0.2,0.6,4,1836
"305",0.01,0.2,0.6,5,1911
"306",0.01,0.2,0.6,6,1901
"307",0.01,0.2,0.6,7,1919
"308",0.01,0.2,0.6,8,1918
"309",0.01,0.2,0.6,9,1963
"310",0.01,0.2,0.6,10,2060
"311",0.01,0.2,0.6,11,1948
"312",0.01,0.2,0.6,12,1916
"313",0.01,0.2,0.6,13,1860
"314",0.01,0.2,0.6,14,1850
"315",0.01,0.2,0.6,15,1815
"316",0.01,0.2,0.6,16,2016
"317",0.01,0.2,0.6,17,1881
"318",0.01,0.2,0.6,18,1900
"319",0.01,0.2,0.6,19,1909
"320",0.01,0.2,0.6,20,1916
"321",0.01,0.2,0.6,21,1959
"322",0.01,0.2,0.6,22,1949
"323",0.01,0.2,0.6,23,1893
"324",0.01,0.2,0.6,24,1952
"325",0.01,0.2,0.6,25,1872
"326",0.01,0.2,0.6,26,1914
"327",0.01,0.2,0.6,27,2034
"328",0.01,0.2,0.6,28,1852
"329",0.01,0.2,0.6,29,1809
"330",0.01,0.2,0.6,30,1944
"331",0.01,0.2,0.6,31,1887
"332",0.01,0.2,0.6,32,1949
"333",0.01,0.2,0.6,33,2016
"334",0.01,0.2,0.6,34,1929
"335",0.01,0.2,0.6,35,1941
"336",0.01,0.2,0.6,36,1982
"337",0.01,0.2,0.6,37,1883
"338",0.01,0.2,0.6,38,2035
"339",0.01,0.2,0.6,39,1860
"340",0.01,0.2,0.6,40,1971
"341",0.01,0.2,0.6,41,1880
"342",0.01,0.2,0.6,42,2014
"343",0.01,0.2,0.6,43,1883
"344",0.01,0.2,0.6,44,1957
"345",0.01,0.2,0.6,45,1944
"346",0.01,0.2,0.6,46,2016
"347",0.01,0.2,0.6,47,1856
"348",0.01,0.2,0.6,48,2041
"349",0.01,0.2,0.6,49,1984
"350",0.01,0.2,0.6,50,1971
"351",0.01,0.2,0.6,51,1939
"352",0.01,0.2,0.6,52,1955
"353",0.01,0.2,0.6,53,1917
"354",0.01,0.2,0.6,54,1900
"355",0.01,0.2,0.6,55,2041
"356",0.01,0.2,0.6,56,1926
"357",0.01,0.2,0.6,57,2052
"358",0.01,0.2,0.6,58,1938
"359",0.01,0.2,0.6,59,2026
"360",0.01,0.2,0.6,60,1951
"361",0.01,0.2,0.6,61,1860
"362",0.01,0.2,0.6,62,1927
"363",0.01,0.2,0.6,63,2036
"364",0.01,0.2,0.6,64,2015
"365",0.01,0.2,0.6,65,1825
"366",0.01,0.2,0.6,66,1815
"367",0.01,0.2,0.6,67,2001
"368",0.01,0.2,0.6,68,1988
"369",0.01,0.2,0.6,69,2041
"370",0.01,0.2,0.6,70,2195
"371",0.01,0.2,0.6,71,1856
"372",0.01,0.2,0.6,72,2051
"373",0.01,0.2,0.6,73,1931
"374",0.01,0.2,0.6,74,1895
"375",0.01,0.2,0.6,75,1999
"376",0.01,0.2,0.6,76,1997
"377",0.01,0.2,0.6,77,1811
"378",0.01,0.2,0.6,78,1907
"379",0.01,0.2,0.6,79,1865
"380",0.01,0.2,0.6,80,1941
"381",0.01,0.2,0.6,81,1877
"382",0.01,0.2,0.6,82,1956
"383",0.01,0.2,0.6,83,1880
"384",0.01,0.2,0.6,84,1993
"385",0.01,0.2,0.6,85,1946
"386",0.01,0.2,0.6,86,1955
"387",0.01,0.2,0.6,87,1954
"388",0.01,0.2,0.6,88,2123
"389",0.01,0.2,0.6,89,2163
"390",0.01,0.2,0.6,90,1893
"391",0.01,0.2,0.6,91,2097
"392",0.01,0.2,0.6,92,1995
"393",0.01,0.2,0.6,93,2010
"394",0.01,0.2,0.6,94,2051
"395",0.01,0.2,0.6,95,1873
"396",0.01,0.2,0.6,96,2043
"397",0.01,0.2,0.6,97,1822
"398",0.01,0.2,0.6,98,2023
"399",0.01,0.2,0.6,99,1867
"400",0.01,0.2,0.6,100,1853
"401",0.01,0.2,0.8,1,1368
"402",0.01,0.2,0.8,2,1497
"403",0.01,0.2,0.8,3,1312
"404",0.01,0.2,0.8,4,1443
"405",0.01,0.2,0.8,5,1358
"406",0.01,0.2,0.8,6,1482
"407",0.01,0.2,0.8,7,1437
"408",0.01,0.2,0.8,8,1543
"409",0.01,0.2,0.8,9,1510
"410",0.01,0.2,0.8,10,1592
"411",0.01,0.2,0.8,11,1398
"412",0.01,0.2,0.8,12,1424
"413",0.01,0.2,0.8,13,1590
"414",0.01,0.2,0.8,14,1467
"415",0.01,0.2,0.8,15,1573
"416",0.01,0.2,0.8,16,1485
"417",0.01,0.2,0.8,17,1548
"418",0.01,0.2,0.8,18,1532
"419",0.01,0.2,0.8,19,1404
"420",0.01,0.2,0.8,20,1372
"421",0.01,0.2,0.8,21,1310
"422",0.01,0.2,0.8,22,1412
"423",0.01,0.2,0.8,23,1464
"424",0.01,0.2,0.8,24,1507
"425",0.01,0.2,0.8,25,1466
"426",0.01,0.2,0.8,26,1283
"427",0.01,0.2,0.8,27,1418
"428",0.01,0.2,0.8,28,1433
"429",0.01,0.2,0.8,29,1623
"430",0.01,0.2,0.8,30,1382
"431",0.01,0.2,0.8,31,1504
"432",0.01,0.2,0.8,32,1495
"433",0.01,0.2,0.8,33,1501
"434",0.01,0.2,0.8,34,1386
"435",0.01,0.2,0.8,35,1450
"436",0.01,0.2,0.8,36,1393
"437",0.01,0.2,0.8,37,1532
"438",0.01,0.2,0.8,38,1388
"439",0.01,0.2,0.8,39,1486
"440",0.01,0.2,0.8,40,1249
"441",0.01,0.2,0.8,41,1417
"442",0.01,0.2,0.8,42,1462
"443",0.01,0.2,0.8,43,1545
"444",0.01,0.2,0.8,44,1456
"445",0.01,0.2,0.8,45,1345
"446",0.01,0.2,0.8,46,1554
"447",0.01,0.2,0.8,47,1451
"448",0.01,0.2,0.8,48,1467
"449",0.01,0.2,0.8,49,1626
"450",0.01,0.2,0.8,50,1405
"451",0.01,0.2,0.8,51,1408
"452",0.01,0.2,0.8,52,1469
"453",0.01,0.2,0.8,53,1411
"454",0.01,0.2,0.8,54,1404
"455",0.01,0.2,0.8,55,1334
"456",0.01,0.2,0.8,56,1392
"457",0.01,0.2,0.8,57,1419
"458",0.01,0.2,0.8,58,1481
"459",0.01,0.2,0.8,59,1551
"460",0.01,0.2,0.8,60,1424
"461",0.01,0.2,0.8,61,1388
"462",0.01,0.2,0.8,62,1308
"463",0.01,0.2,0.8,63,1550
"464",0.01,0.2,0.8,64,1444
"465",0.01,0.2,0.8,65,1526
"466",0.01,0.2,0.8,66,1405
"467",0.01,0.2,0.8,67,1418
"468",0.01,0.2,0.8,68,1394
"469",0.01,0.2,0.8,69,1416
"470",0.01,0.2,0.8,70,1559
"471",0.01,0.2,0.8,71,1469
"472",0.01,0.2,0.8,72,1465
"473",0.01,0.2,0.8,73,1438
"474",0.01,0.2,0.8,74,1405
"475",0.01,0.2,0.8,75,1571
"476",0.01,0.2,0.8,76,1478
"477",0.01,0.2,0.8,77,1476
"478",0.01,0.2,0.8,78,1375
"479",0.01,0.2,0.8,79,1447
"480",0.01,0.2,0.8,80,1494
"481",0.01,0.2,0.8,81,1421
"482",0.01,0.2,0.8,82,1514
"483",0.01,0.2,0.8,83,1375
"484",0.01,0.2,0.8,84,1476
"485",0.01,0.2,0.8,85,1507
"486",0.01,0.2,0.8,86,1422
"487",0.01,0.2,0.8,87,1403
"488",0.01,0.2,0.8,88,1437
"489",0.01,0.2,0.8,89,1508
"490",0.01,0.2,0.8,90,1326
"491",0.01,0.2,0.8,91,1545
"492",0.01,0.2,0.8,92,1487
"493",0.01,0.2,0.8,93,1446
"494",0.01,0.2,0.8,94,1527
"495",0.01,0.2,0.8,95,1529
"496",0.01,0.2,0.8,96,1323
"497",0.01,0.2,0.8,97,1497
"498",0.01,0.2,0.8,98,1414
"499",0.01,0.2,0.8,99,1413
"500",0.01,0.2,0.8,100,1333
"501",0.01,0.2,0.95,1,1046
"502",0.01,0.2,0.95,2,1174
"503",0.01,0.2,0.95,3,1273
"504",0.01,0.2,0.95,4,1097
"505",0.01,0.2,0.95,5,1048
"506",0.01,0.2,0.95,6,1352
"507",0.01,0.2,0.95,7,1182
"508",0.01,0.2,0.95,8,1213
"509",0.01,0.2,0.95,9,1200
"510",0.01,0.2,0.95,10,1277
"511",0.01,0.2,0.95,11,1208
"512",0.01,0.2,0.95,12,1256
"513",0.01,0.2,0.95,13,1251
"514",0.01,0.2,0.95,14,1211
"515",0.01,0.2,0.95,15,1086
"516",0.01,0.2,0.95,16,1183
"517",0.01,0.2,0.95,17,1022
"518",0.01,0.2,0.95,18,1273
"519",0.01,0.2,0.95,19,1170
"520",0.01,0.2,0.95,20,1273
"521",0.01,0.2,0.95,21,1213
"522",0.01,0.2,0.95,22,1263
"523",0.01,0.2,0.95,23,1246
"524",0.01,0.2,0.95,24,1182
"525",0.01,0.2,0.95,25,1129
"526",0.01,0.2,0.95,26,1225
"527",0.01,0.2,0.95,27,1162
"528",0.01,0.2,0.95,28,1143
"529",0.01,0.2,0.95,29,1118
"530",0.01,0.2,0.95,30,1498
"531",0.01,0.2,0.95,31,1042
"532",0.01,0.2,0.95,32,1297
"533",0.01,0.2,0.95,33,1117
"534",0.01,0.2,0.95,34,1240
"535",0.01,0.2,0.95,35,1322
"536",0.01,0.2,0.95,36,1097
"537",0.01,0.2,0.95,37,1165
"538",0.01,0.2,0.95,38,1305
"539",0.01,0.2,0.95,39,1291
"540",0.01,0.2,0.95,40,1126
"541",0.01,0.2,0.95,41,1042
"542",0.01,0.2,0.95,42,1120
"543",0.01,0.2,0.95,43,1199
"544",0.01,0.2,0.95,44,1296
"545",0.01,0.2,0.95,45,1164
"546",0.01,0.2,0.95,46,1203
"547",0.01,0.2,0.95,47,1343
"548",0.01,0.2,0.95,48,1223
"549",0.01,0.2,0.95,49,1379
"550",0.01,0.2,0.95,50,1257
"551",0.01,0.2,0.95,51,1023
"552",0.01,0.2,0.95,52,1264
"553",0.01,0.2,0.95,53,1188
"554",0.01,0.2,0.95,54,1335
"555",0.01,0.2,0.95,55,967
"556",0.01,0.2,0.95,56,1311
"557",0.01,0.2,0.95,57,1144
"558",0.01,0.2,0.95,58,1287
"559",0.01,0.2,0.95,59,1254
"560",0.01,0.2,0.95,60,1474
"561",0.01,0.2,0.95,61,1305
"562",0.01,0.2,0.95,62,1262
"563",0.01,0.2,0.95,63,1114
"564",0.01,0.2,0.95,64,1057
"565",0.01,0.2,0.95,65,1170
"566",0.01,0.2,0.95,66,1017
"567",0.01,0.2,0.95,67,1292
"568",0.01,0.2,0.95,68,1201
"569",0.01,0.2,0.95,69,1316
"570",0.01,0.2,0.95,70,1143
"571",0.01,0.2,0.95,71,1445
"572",0.01,0.2,0.95,72,1324
"573",0.01,0.2,0.95,73,1198
"574",0.01,0.2,0.95,74,1269
"575",0.01,0.2,0.95,75,1312
"576",0.01,0.2,0.95,76,1193
"577",0.01,0.2,0.95,77,1168
"578",0.01,0.2,0.95,78,1332
"579",0.01,0.2,0.95,79,1110
"580",0.01,0.2,0.95,80,1072
"581",0.01,0.2,0.95,81,1190
"582",0.01,0.2,0.95,82,1188
"583",0.01,0.2,0.95,83,1250
"584",0.01,0.2,0.95,84,1141
"585",0.01,0.2,0.95,85,1238
"586",0.01,0.2,0.95,86,1210
"587",0.01,0.2,0.95,87,1225
"588",0.01,0.2,0.95,88,1230
"589",0.01,0.2,0.95,89,1037
"590",0.01,0.2,0.95,90,1022
"591",0.01,0.2,0.95,91,1237
"592",0.01,0.2,0.95,92,1106
"593",0.01,0.2,0.95,93,1239
"594",0.01,0.2,0.95,94,1217
"595",0.01,0.2,0.95,95,1162
"596",0.01,0.2,0.95,96,1193
"597",0.01,0.2,0.95,97,1387
"598",0.01,0.2,0.95,98,1131
"599",0.01,0.2,0.95,99,1218
"600",0.01,0.2,0.95,100,1275
"601",0.01,0.2,0.99,1,1294
"602",0.01,0.2,0.99,2,1355
"603",0.01,0.2,0.99,3,2006
"604",0.01,0.2,0.99,4,1836
"605",0.01,0.2,0.99,5,1893
"606",0.01,0.2,0.99,6,1557
"607",0.01,0.2,0.99,7,1541
"608",0.01,0.2,0.99,8,1091
"609",0.01,0.2,0.99,9,1366
"610",0.01,0.2,0.99,10,1591
"611",0.01,0.2,0.99,11,1562
"612",0.01,0.2,0.99,12,1682
"613",0.01,0.2,0.99,13,2114
"614",0.01,0.2,0.99,14,1222
"615",0.01,0.2,0.99,15,1621
"616",0.01,0.2,0.99,16,1199
"617",0.01,0.2,0.99,17,2056
"618",0.01,0.2,0.99,18,1924
"619",0.01,0.2,0.99,19,1567
"620",0.01,0.2,0.99,20,1368
"621",0.01,0.2,0.99,21,1623
"622",0.01,0.2,0.99,22,1095
"623",0.01,0.2,0.99,23,1396
"624",0.01,0.2,0.99,24,1486
"625",0.01,0.2,0.99,25,1512
"626",0.01,0.2,0.99,26,1219
"627",0.01,0.2,0.99,27,1630
"628",0.01,0.2,0.99,28,1715
"629",0.01,0.2,0.99,29,1395
"630",0.01,0.2,0.99,30,1739
"631",0.01,0.2,0.99,31,1741
"632",0.01,0.2,0.99,32,1675
"633",0.01,0.2,0.99,33,1499
"634",0.01,0.2,0.99,34,1246
"635",0.01,0.2,0.99,35,1731
"636",0.01,0.2,0.99,36,1486
"637",0.01,0.2,0.99,37,1371
"638",0.01,0.2,0.99,38,1638
"639",0.01,0.2,0.99,39,1152
"640",0.01,0.2,0.99,40,1755
"641",0.01,0.2,0.99,41,1332
"642",0.01,0.2,0.99,42,982
"643",0.01,0.2,0.99,43,1083
"644",0.01,0.2,0.99,44,1612
"645",0.01,0.2,0.99,45,1904
"646",0.01,0.2,0.99,46,1409
"647",0.01,0.2,0.99,47,1530
"648",0.01,0.2,0.99,48,1346
"649",0.01,0.2,0.99,49,1513
"650",0.01,0.2,0.99,50,1878
"651",0.01,0.2,0.99,51,1529
"652",0.01,0.2,0.99,52,1831
"653",0.01,0.2,0.99,53,1775
"654",0.01,0.2,0.99,54,1356
"655",0.01,0.2,0.99,55,1350
"656",0.01,0.2,0.99,56,1412
"657",0.01,0.2,0.99,57,1571
"658",0.01,0.2,0.99,58,1222
"659",0.01,0.2,0.99,59,1411
"660",0.01,0.2,0.99,60,1842
"661",0.01,0.2,0.99,61,1336
"662",0.01,0.2,0.99,62,1792
"663",0.01,0.2,0.99,63,1144
"664",0.01,0.2,0.99,64,1574
"665",0.01,0.2,0.99,65,1588
"666",0.01,0.2,0.99,66,1294
"667",0.01,0.2,0.99,67,1487
"668",0.01,0.2,0.99,68,2230
"669",0.01,0.2,0.99,69,1629
"670",0.01,0.2,0.99,70,1826
"671",0.01,0.2,0.99,71,1635
"672",0.01,0.2,0.99,72,1970
"673",0.01,0.2,0.99,73,1852
"674",0.01,0.2,0.99,74,1860
"675",0.01,0.2,0.99,75,1833
"676",0.01,0.2,0.99,76,1167
"677",0.01,0.2,0.99,77,1562
"678",0.01,0.2,0.99,78,1278
"679",0.01,0.2,0.99,79,1515
"680",0.01,0.2,0.99,80,1701
"681",0.01,0.2,0.99,81,1317
"682",0.01,0.2,0.99,82,1494
"683",0.01,0.2,0.99,83,1545
"684",0.01,0.2,0.99,84,1194
"685",0.01,0.2,0.99,85,1430
"686",0.01,0.2,0.99,86,1443
"687",0.01,0.2,0.99,87,1143
"688",0.01,0.2,0.99,88,1703
"689",0.01,0.2,0.99,89,1443
"690",0.01,0.2,0.99,90,1411
"691",0.01,0.2,0.99,91,1825
"692",0.01,0.2,0.99,92,1894
"693",0.01,0.2,0.99,93,1545
"694",0.01,0.2,0.99,94,1594
"695",0.01,0.2,0.99,95,1481
"696",0.01,0.2,0.99,96,1248
"697",0.01,0.2,0.99,97,830
"698",0.01,0.2,0.99,98,1429
"699",0.01,0.2,0.99,99,1356
"700",0.01,0.2,0.99,100,1098
"701",0.01,0.2,1,1,2467
"702",0.01,0.2,1,2,2729
"703",0.01,0.2,1,3,1467
"704",0.01,0.2,1,4,1395
"705",0.01,0.2,1,5,1235
"706",0.01,0.2,1,6,1330
"707",0.01,0.2,1,7,1499
"708",0.01,0.2,1,8,1362
"709",0.01,0.2,1,9,1635
"710",0.01,0.2,1,10,2311
"711",0.01,0.2,1,11,1987
"712",0.01,0.2,1,12,1955
"713",0.01,0.2,1,13,1374
"714",0.01,0.2,1,14,2014
"715",0.01,0.2,1,15,1643
"716",0.01,0.2,1,16,1402
"717",0.01,0.2,1,17,2337
"718",0.01,0.2,1,18,1973
"719",0.01,0.2,1,19,1724
"720",0.01,0.2,1,20,1327
"721",0.01,0.2,1,21,2421
"722",0.01,0.2,1,22,1527
"723",0.01,0.2,1,23,1988
"724",0.01,0.2,1,24,1111
"725",0.01,0.2,1,25,1450
"726",0.01,0.2,1,26,1858
"727",0.01,0.2,1,27,2823
"728",0.01,0.2,1,28,1308
"729",0.01,0.2,1,29,1023
"730",0.01,0.2,1,30,1179
"731",0.01,0.2,1,31,2322
"732",0.01,0.2,1,32,1241
"733",0.01,0.2,1,33,1551
"734",0.01,0.2,1,34,1879
"735",0.01,0.2,1,35,2969
"736",0.01,0.2,1,36,1373
"737",0.01,0.2,1,37,1882
"738",0.01,0.2,1,38,1220
"739",0.01,0.2,1,39,2065
"740",0.01,0.2,1,40,1186
"741",0.01,0.2,1,41,1234
"742",0.01,0.2,1,42,1918
"743",0.01,0.2,1,43,1521
"744",0.01,0.2,1,44,1193
"745",0.01,0.2,1,45,981
"746",0.01,0.2,1,46,1514
"747",0.01,0.2,1,47,1288
"748",0.01,0.2,1,48,874
"749",0.01,0.2,1,49,1231
"750",0.01,0.2,1,50,1595
"751",0.01,0.2,1,51,1043
"752",0.01,0.2,1,52,1114
"753",0.01,0.2,1,53,2039
"754",0.01,0.2,1,54,2475
"755",0.01,0.2,1,55,2232
"756",0.01,0.2,1,56,1498
"757",0.01,0.2,1,57,1021
"758",0.01,0.2,1,58,1218
"759",0.01,0.2,1,59,1647
"760",0.01,0.2,1,60,1308
"761",0.01,0.2,1,61,2194
"762",0.01,0.2,1,62,1580
"763",0.01,0.2,1,63,1170
"764",0.01,0.2,1,64,1393
"765",0.01,0.2,1,65,1221
"766",0.01,0.2,1,66,1603
"767",0.01,0.2,1,67,2573
"768",0.01,0.2,1,68,3147
"769",0.01,0.2,1,69,1931
"770",0.01,0.2,1,70,1459
"771",0.01,0.2,1,71,873
"772",0.01,0.2,1,72,2534
"773",0.01,0.2,1,73,1911
"774",0.01,0.2,1,74,1197
"775",0.01,0.2,1,75,1650
"776",0.01,0.2,1,76,1699
"777",0.01,0.2,1,77,1325
"778",0.01,0.2,1,78,1205
"779",0.01,0.2,1,79,1718
"780",0.01,0.2,1,80,1495
"781",0.01,0.2,1,81,1428
"782",0.01,0.2,1,82,1457
"783",0.01,0.2,1,83,1990
"784",0.01,0.2,1,84,1038
"785",0.01,0.2,1,85,1704
"786",0.01,0.2,1,86,1276
"787",0.01,0.2,1,87,1039
"788",0.01,0.2,1,88,2235
"789",0.01,0.2,1,89,1218
"790",0.01,0.2,1,90,1793
"791",0.01,0.2,1,91,1948
"792",0.01,0.2,1,92,1718
"793",0.01,0.2,1,93,2294
"794",0.01,0.2,1,94,1172
"795",0.01,0.2,1,95,1836
"796",0.01,0.2,1,96,1812
"797",0.01,0.2,1,97,1123
"798",0.01,0.2,1,98,1287
"799",0.01,0.2,1,99,1383
"800",0.01,0.2,1,100,1527
