"","Selection_coefficient","Dominance_coefficient","Uniparenting_rate","Replicate","N_seg_homo_genotypes_selfing"
"1",0.01,0.2,0,1,71
"2",0.01,0.2,0,2,57
"3",0.01,0.2,0,3,54
"4",0.01,0.2,0,4,52
"5",0.01,0.2,0,5,57
"6",0.01,0.2,0,6,55
"7",0.01,0.2,0,7,64
"8",0.01,0.2,0,8,48
"9",0.01,0.2,0,9,53
"10",0.01,0.2,0,10,56
"11",0.01,0.2,0,11,61
"12",0.01,0.2,0,12,55
"13",0.01,0.2,0,13,56
"14",0.01,0.2,0,14,55
"15",0.01,0.2,0,15,62
"16",0.01,0.2,0,16,57
"17",0.01,0.2,0,17,47
"18",0.01,0.2,0,18,51
"19",0.01,0.2,0,19,41
"20",0.01,0.2,0,20,61
"21",0.01,0.2,0,21,63
"22",0.01,0.2,0,22,57
"23",0.01,0.2,0,23,58
"24",0.01,0.2,0,24,59
"25",0.01,0.2,0,25,67
"26",0.01,0.2,0,26,41
"27",0.01,0.2,0,27,79
"28",0.01,0.2,0,28,57
"29",0.01,0.2,0,29,55
"30",0.01,0.2,0,30,48
"31",0.01,0.2,0,31,57
"32",0.01,0.2,0,32,83
"33",0.01,0.2,0,33,54
"34",0.01,0.2,0,34,41
"35",0.01,0.2,0,35,52
"36",0.01,0.2,0,36,52
"37",0.01,0.2,0,37,67
"38",0.01,0.2,0,38,53
"39",0.01,0.2,0,39,60
"40",0.01,0.2,0,40,55
"41",0.01,0.2,0,41,52
"42",0.01,0.2,0,42,54
"43",0.01,0.2,0,43,50
"44",0.01,0.2,0,44,70
"45",0.01,0.2,0,45,39
"46",0.01,0.2,0,46,47
"47",0.01,0.2,0,47,53
"48",0.01,0.2,0,48,64
"49",0.01,0.2,0,49,40
"50",0.01,0.2,0,50,64
"51",0.01,0.2,0,51,62
"52",0.01,0.2,0,52,51
"53",0.01,0.2,0,53,83
"54",0.01,0.2,0,54,63
"55",0.01,0.2,0,55,54
"56",0.01,0.2,0,56,66
"57",0.01,0.2,0,57,63
"58",0.01,0.2,0,58,60
"59",0.01,0.2,0,59,64
"60",0.01,0.2,0,60,51
"61",0.01,0.2,0,61,59
"62",0.01,0.2,0,62,58
"63",0.01,0.2,0,63,49
"64",0.01,0.2,0,64,45
"65",0.01,0.2,0,65,53
"66",0.01,0.2,0,66,54
"67",0.01,0.2,0,67,47
"68",0.01,0.2,0,68,54
"69",0.01,0.2,0,69,73
"70",0.01,0.2,0,70,45
"71",0.01,0.2,0,71,55
"72",0.01,0.2,0,72,67
"73",0.01,0.2,0,73,46
"74",0.01,0.2,0,74,58
"75",0.01,0.2,0,75,55
"76",0.01,0.2,0,76,51
"77",0.01,0.2,0,77,67
"78",0.01,0.2,0,78,90
"79",0.01,0.2,0,79,48
"80",0.01,0.2,0,80,54
"81",0.01,0.2,0,81,59
"82",0.01,0.2,0,82,93
"83",0.01,0.2,0,83,58
"84",0.01,0.2,0,84,81
"85",0.01,0.2,0,85,71
"86",0.01,0.2,0,86,61
"87",0.01,0.2,0,87,52
"88",0.01,0.2,0,88,67
"89",0.01,0.2,0,89,70
"90",0.01,0.2,0,90,60
"91",0.01,0.2,0,91,56
"92",0.01,0.2,0,92,54
"93",0.01,0.2,0,93,60
"94",0.01,0.2,0,94,51
"95",0.01,0.2,0,95,58
"96",0.01,0.2,0,96,61
"97",0.01,0.2,0,97,45
"98",0.01,0.2,0,98,78
"99",0.01,0.2,0,99,64
"100",0.01,0.2,0,100,63
"101",0.01,0.2,0.2,1,234
"102",0.01,0.2,0.2,2,254
"103",0.01,0.2,0.2,3,294
"104",0.01,0.2,0.2,4,148
"105",0.01,0.2,0.2,5,159
"106",0.01,0.2,0.2,6,157
"107",0.01,0.2,0.2,7,207
"108",0.01,0.2,0.2,8,192
"109",0.01,0.2,0.2,9,199
"110",0.01,0.2,0.2,10,241
"111",0.01,0.2,0.2,11,317
"112",0.01,0.2,0.2,12,235
"113",0.01,0.2,0.2,13,185
"114",0.01,0.2,0.2,14,193
"115",0.01,0.2,0.2,15,295
"116",0.01,0.2,0.2,16,300
"117",0.01,0.2,0.2,17,137
"118",0.01,0.2,0.2,18,170
"119",0.01,0.2,0.2,19,107
"120",0.01,0.2,0.2,20,132
"121",0.01,0.2,0.2,21,323
"122",0.01,0.2,0.2,22,247
"123",0.01,0.2,0.2,23,337
"124",0.01,0.2,0.2,24,210
"125",0.01,0.2,0.2,25,207
"126",0.01,0.2,0.2,26,178
"127",0.01,0.2,0.2,27,261
"128",0.01,0.2,0.2,28,191
"129",0.01,0.2,0.2,29,192
"130",0.01,0.2,0.2,30,165
"131",0.01,0.2,0.2,31,255
"132",0.01,0.2,0.2,32,265
"133",0.01,0.2,0.2,33,166
"134",0.01,0.2,0.2,34,145
"135",0.01,0.2,0.2,35,348
"136",0.01,0.2,0.2,36,189
"137",0.01,0.2,0.2,37,238
"138",0.01,0.2,0.2,38,111
"139",0.01,0.2,0.2,39,236
"140",0.01,0.2,0.2,40,272
"141",0.01,0.2,0.2,41,63
"142",0.01,0.2,0.2,42,179
"143",0.01,0.2,0.2,43,225
"144",0.01,0.2,0.2,44,229
"145",0.01,0.2,0.2,45,216
"146",0.01,0.2,0.2,46,222
"147",0.01,0.2,0.2,47,235
"148",0.01,0.2,0.2,48,231
"149",0.01,0.2,0.2,49,253
"150",0.01,0.2,0.2,50,239
"151",0.01,0.2,0.2,51,222
"152",0.01,0.2,0.2,52,276
"153",0.01,0.2,0.2,53,306
"154",0.01,0.2,0.2,54,286
"155",0.01,0.2,0.2,55,185
"156",0.01,0.2,0.2,56,296
"157",0.01,0.2,0.2,57,196
"158",0.01,0.2,0.2,58,167
"159",0.01,0.2,0.2,59,225
"160",0.01,0.2,0.2,60,360
"161",0.01,0.2,0.2,61,182
"162",0.01,0.2,0.2,62,133
"163",0.01,0.2,0.2,63,241
"164",0.01,0.2,0.2,64,216
"165",0.01,0.2,0.2,65,134
"166",0.01,0.2,0.2,66,315
"167",0.01,0.2,0.2,67,298
"168",0.01,0.2,0.2,68,298
"169",0.01,0.2,0.2,69,286
"170",0.01,0.2,0.2,70,233
"171",0.01,0.2,0.2,71,190
"172",0.01,0.2,0.2,72,160
"173",0.01,0.2,0.2,73,302
"174",0.01,0.2,0.2,74,222
"175",0.01,0.2,0.2,75,132
"176",0.01,0.2,0.2,76,259
"177",0.01,0.2,0.2,77,129
"178",0.01,0.2,0.2,78,222
"179",0.01,0.2,0.2,79,161
"180",0.01,0.2,0.2,80,291
"181",0.01,0.2,0.2,81,127
"182",0.01,0.2,0.2,82,145
"183",0.01,0.2,0.2,83,320
"184",0.01,0.2,0.2,84,282
"185",0.01,0.2,0.2,85,189
"186",0.01,0.2,0.2,86,200
"187",0.01,0.2,0.2,87,200
"188",0.01,0.2,0.2,88,200
"189",0.01,0.2,0.2,89,175
"190",0.01,0.2,0.2,90,194
"191",0.01,0.2,0.2,91,163
"192",0.01,0.2,0.2,92,160
"193",0.01,0.2,0.2,93,316
"194",0.01,0.2,0.2,94,145
"195",0.01,0.2,0.2,95,237
"196",0.01,0.2,0.2,96,186
"197",0.01,0.2,0.2,97,255
"198",0.01,0.2,0.2,98,129
"199",0.01,0.2,0.2,99,226
"200",0.01,0.2,0.2,100,211
"201",0.01,0.2,0.4,1,381
"202",0.01,0.2,0.4,2,251
"203",0.01,0.2,0.4,3,243
"204",0.01,0.2,0.4,4,498
"205",0.01,0.2,0.4,5,340
"206",0.01,0.2,0.4,6,225
"207",0.01,0.2,0.4,7,254
"208",0.01,0.2,0.4,8,251
"209",0.01,0.2,0.4,9,388
"210",0.01,0.2,0.4,10,212
"211",0.01,0.2,0.4,11,413
"212",0.01,0.2,0.4,12,397
"213",0.01,0.2,0.4,13,368
"214",0.01,0.2,0.4,14,358
"215",0.01,0.2,0.4,15,218
"216",0.01,0.2,0.4,16,341
"217",0.01,0.2,0.4,17,322
"218",0.01,0.2,0.4,18,245
"219",0.01,0.2,0.4,19,405
"220",0.01,0.2,0.4,20,298
"221",0.01,0.2,0.4,21,280
"222",0.01,0.2,0.4,22,447
"223",0.01,0.2,0.4,23,454
"224",0.01,0.2,0.4,24,418
"225",0.01,0.2,0.4,25,376
"226",0.01,0.2,0.4,26,236
"227",0.01,0.2,0.4,27,235
"228",0.01,0.2,0.4,28,338
"229",0.01,0.2,0.4,29,366
"230",0.01,0.2,0.4,30,241
"231",0.01,0.2,0.4,31,364
"232",0.01,0.2,0.4,32,365
"233",0.01,0.2,0.4,33,263
"234",0.01,0.2,0.4,34,282
"235",0.01,0.2,0.4,35,299
"236",0.01,0.2,0.4,36,401
"237",0.01,0.2,0.4,37,364
"238",0.01,0.2,0.4,38,296
"239",0.01,0.2,0.4,39,254
"240",0.01,0.2,0.4,40,186
"241",0.01,0.2,0.4,41,234
"242",0.01,0.2,0.4,42,345
"243",0.01,0.2,0.4,43,368
"244",0.01,0.2,0.4,44,326
"245",0.01,0.2,0.4,45,470
"246",0.01,0.2,0.4,46,401
"247",0.01,0.2,0.4,47,461
"248",0.01,0.2,0.4,48,405
"249",0.01,0.2,0.4,49,462
"250",0.01,0.2,0.4,50,328
"251",0.01,0.2,0.4,51,284
"252",0.01,0.2,0.4,52,375
"253",0.01,0.2,0.4,53,274
"254",0.01,0.2,0.4,54,213
"255",0.01,0.2,0.4,55,343
"256",0.01,0.2,0.4,56,228
"257",0.01,0.2,0.4,57,360
"258",0.01,0.2,0.4,58,280
"259",0.01,0.2,0.4,59,462
"260",0.01,0.2,0.4,60,366
"261",0.01,0.2,0.4,61,443
"262",0.01,0.2,0.4,62,266
"263",0.01,0.2,0.4,63,317
"264",0.01,0.2,0.4,64,258
"265",0.01,0.2,0.4,65,309
"266",0.01,0.2,0.4,66,431
"267",0.01,0.2,0.4,67,401
"268",0.01,0.2,0.4,68,290
"269",0.01,0.2,0.4,69,354
"270",0.01,0.2,0.4,70,291
"271",0.01,0.2,0.4,71,333
"272",0.01,0.2,0.4,72,260
"273",0.01,0.2,0.4,73,266
"274",0.01,0.2,0.4,74,291
"275",0.01,0.2,0.4,75,452
"276",0.01,0.2,0.4,76,347
"277",0.01,0.2,0.4,77,231
"278",0.01,0.2,0.4,78,312
"279",0.01,0.2,0.4,79,271
"280",0.01,0.2,0.4,80,427
"281",0.01,0.2,0.4,81,495
"282",0.01,0.2,0.4,82,376
"283",0.01,0.2,0.4,83,314
"284",0.01,0.2,0.4,84,340
"285",0.01,0.2,0.4,85,247
"286",0.01,0.2,0.4,86,207
"287",0.01,0.2,0.4,87,383
"288",0.01,0.2,0.4,88,329
"289",0.01,0.2,0.4,89,381
"290",0.01,0.2,0.4,90,384
"291",0.01,0.2,0.4,91,232
"292",0.01,0.2,0.4,92,221
"293",0.01,0.2,0.4,93,276
"294",0.01,0.2,0.4,94,406
"295",0.01,0.2,0.4,95,352
"296",0.01,0.2,0.4,96,235
"297",0.01,0.2,0.4,97,309
"298",0.01,0.2,0.4,98,335
"299",0.01,0.2,0.4,99,381
"300",0.01,0.2,0.4,100,306
"301",0.01,0.2,0.6,1,526
"302",0.01,0.2,0.6,2,330
"303",0.01,0.2,0.6,3,443
"304",0.01,0.2,0.6,4,454
"305",0.01,0.2,0.6,5,504
"306",0.01,0.2,0.6,6,341
"307",0.01,0.2,0.6,7,405
"308",0.01,0.2,0.6,8,450
"309",0.01,0.2,0.6,9,446
"310",0.01,0.2,0.6,10,529
"311",0.01,0.2,0.6,11,510
"312",0.01,0.2,0.6,12,374
"313",0.01,0.2,0.6,13,425
"314",0.01,0.2,0.6,14,327
"315",0.01,0.2,0.6,15,354
"316",0.01,0.2,0.6,16,391
"317",0.01,0.2,0.6,17,328
"318",0.01,0.2,0.6,18,479
"319",0.01,0.2,0.6,19,478
"320",0.01,0.2,0.6,20,456
"321",0.01,0.2,0.6,21,427
"322",0.01,0.2,0.6,22,469
"323",0.01,0.2,0.6,23,481
"324",0.01,0.2,0.6,24,463
"325",0.01,0.2,0.6,25,486
"326",0.01,0.2,0.6,26,413
"327",0.01,0.2,0.6,27,471
"328",0.01,0.2,0.6,28,343
"329",0.01,0.2,0.6,29,412
"330",0.01,0.2,0.6,30,413
"331",0.01,0.2,0.6,31,396
"332",0.01,0.2,0.6,32,401
"333",0.01,0.2,0.6,33,409
"334",0.01,0.2,0.6,34,453
"335",0.01,0.2,0.6,35,449
"336",0.01,0.2,0.6,36,467
"337",0.01,0.2,0.6,37,497
"338",0.01,0.2,0.6,38,401
"339",0.01,0.2,0.6,39,335
"340",0.01,0.2,0.6,40,411
"341",0.01,0.2,0.6,41,477
"342",0.01,0.2,0.6,42,417
"343",0.01,0.2,0.6,43,496
"344",0.01,0.2,0.6,44,414
"345",0.01,0.2,0.6,45,544
"346",0.01,0.2,0.6,46,435
"347",0.01,0.2,0.6,47,344
"348",0.01,0.2,0.6,48,481
"349",0.01,0.2,0.6,49,388
"350",0.01,0.2,0.6,50,414
"351",0.01,0.2,0.6,51,414
"352",0.01,0.2,0.6,52,339
"353",0.01,0.2,0.6,53,458
"354",0.01,0.2,0.6,54,507
"355",0.01,0.2,0.6,55,408
"356",0.01,0.2,0.6,56,363
"357",0.01,0.2,0.6,57,436
"358",0.01,0.2,0.6,58,341
"359",0.01,0.2,0.6,59,516
"360",0.01,0.2,0.6,60,338
"361",0.01,0.2,0.6,61,437
"362",0.01,0.2,0.6,62,355
"363",0.01,0.2,0.6,63,431
"364",0.01,0.2,0.6,64,290
"365",0.01,0.2,0.6,65,325
"366",0.01,0.2,0.6,66,416
"367",0.01,0.2,0.6,67,443
"368",0.01,0.2,0.6,68,458
"369",0.01,0.2,0.6,69,478
"370",0.01,0.2,0.6,70,503
"371",0.01,0.2,0.6,71,375
"372",0.01,0.2,0.6,72,416
"373",0.01,0.2,0.6,73,367
"374",0.01,0.2,0.6,74,448
"375",0.01,0.2,0.6,75,397
"376",0.01,0.2,0.6,76,423
"377",0.01,0.2,0.6,77,493
"378",0.01,0.2,0.6,78,439
"379",0.01,0.2,0.6,79,432
"380",0.01,0.2,0.6,80,436
"381",0.01,0.2,0.6,81,369
"382",0.01,0.2,0.6,82,367
"383",0.01,0.2,0.6,83,504
"384",0.01,0.2,0.6,84,459
"385",0.01,0.2,0.6,85,468
"386",0.01,0.2,0.6,86,352
"387",0.01,0.2,0.6,87,346
"388",0.01,0.2,0.6,88,382
"389",0.01,0.2,0.6,89,556
"390",0.01,0.2,0.6,90,456
"391",0.01,0.2,0.6,91,462
"392",0.01,0.2,0.6,92,361
"393",0.01,0.2,0.6,93,495
"394",0.01,0.2,0.6,94,373
"395",0.01,0.2,0.6,95,463
"396",0.01,0.2,0.6,96,360
"397",0.01,0.2,0.6,97,400
"398",0.01,0.2,0.6,98,371
"399",0.01,0.2,0.6,99,485
"400",0.01,0.2,0.6,100,368
"401",0.01,0.2,0.8,1,472
"402",0.01,0.2,0.8,2,514
"403",0.01,0.2,0.8,3,445
"404",0.01,0.2,0.8,4,493
"405",0.01,0.2,0.8,5,415
"406",0.01,0.2,0.8,6,466
"407",0.01,0.2,0.8,7,560
"408",0.01,0.2,0.8,8,598
"409",0.01,0.2,0.8,9,511
"410",0.01,0.2,0.8,10,561
"411",0.01,0.2,0.8,11,433
"412",0.01,0.2,0.8,12,437
"413",0.01,0.2,0.8,13,518
"414",0.01,0.2,0.8,14,522
"415",0.01,0.2,0.8,15,563
"416",0.01,0.2,0.8,16,512
"417",0.01,0.2,0.8,17,558
"418",0.01,0.2,0.8,18,519
"419",0.01,0.2,0.8,19,476
"420",0.01,0.2,0.8,20,403
"421",0.01,0.2,0.8,21,456
"422",0.01,0.2,0.8,22,413
"423",0.01,0.2,0.8,23,527
"424",0.01,0.2,0.8,24,491
"425",0.01,0.2,0.8,25,551
"426",0.01,0.2,0.8,26,484
"427",0.01,0.2,0.8,27,470
"428",0.01,0.2,0.8,28,401
"429",0.01,0.2,0.8,29,602
"430",0.01,0.2,0.8,30,419
"431",0.01,0.2,0.8,31,421
"432",0.01,0.2,0.8,32,465
"433",0.01,0.2,0.8,33,482
"434",0.01,0.2,0.8,34,376
"435",0.01,0.2,0.8,35,508
"436",0.01,0.2,0.8,36,470
"437",0.01,0.2,0.8,37,525
"438",0.01,0.2,0.8,38,444
"439",0.01,0.2,0.8,39,545
"440",0.01,0.2,0.8,40,448
"441",0.01,0.2,0.8,41,507
"442",0.01,0.2,0.8,42,519
"443",0.01,0.2,0.8,43,516
"444",0.01,0.2,0.8,44,427
"445",0.01,0.2,0.8,45,388
"446",0.01,0.2,0.8,46,537
"447",0.01,0.2,0.8,47,472
"448",0.01,0.2,0.8,48,441
"449",0.01,0.2,0.8,49,558
"450",0.01,0.2,0.8,50,418
"451",0.01,0.2,0.8,51,431
"452",0.01,0.2,0.8,52,490
"453",0.01,0.2,0.8,53,452
"454",0.01,0.2,0.8,54,508
"455",0.01,0.2,0.8,55,459
"456",0.01,0.2,0.8,56,376
"457",0.01,0.2,0.8,57,433
"458",0.01,0.2,0.8,58,428
"459",0.01,0.2,0.8,59,424
"460",0.01,0.2,0.8,60,500
"461",0.01,0.2,0.8,61,350
"462",0.01,0.2,0.8,62,443
"463",0.01,0.2,0.8,63,482
"464",0.01,0.2,0.8,64,441
"465",0.01,0.2,0.8,65,530
"466",0.01,0.2,0.8,66,478
"467",0.01,0.2,0.8,67,472
"468",0.01,0.2,0.8,68,452
"469",0.01,0.2,0.8,69,425
"470",0.01,0.2,0.8,70,488
"471",0.01,0.2,0.8,71,486
"472",0.01,0.2,0.8,72,398
"473",0.01,0.2,0.8,73,441
"474",0.01,0.2,0.8,74,327
"475",0.01,0.2,0.8,75,482
"476",0.01,0.2,0.8,76,465
"477",0.01,0.2,0.8,77,488
"478",0.01,0.2,0.8,78,513
"479",0.01,0.2,0.8,79,470
"480",0.01,0.2,0.8,80,470
"481",0.01,0.2,0.8,81,476
"482",0.01,0.2,0.8,82,550
"483",0.01,0.2,0.8,83,426
"484",0.01,0.2,0.8,84,468
"485",0.01,0.2,0.8,85,469
"486",0.01,0.2,0.8,86,393
"487",0.01,0.2,0.8,87,457
"488",0.01,0.2,0.8,88,448
"489",0.01,0.2,0.8,89,520
"490",0.01,0.2,0.8,90,420
"491",0.01,0.2,0.8,91,529
"492",0.01,0.2,0.8,92,559
"493",0.01,0.2,0.8,93,421
"494",0.01,0.2,0.8,94,474
"495",0.01,0.2,0.8,95,515
"496",0.01,0.2,0.8,96,440
"497",0.01,0.2,0.8,97,430
"498",0.01,0.2,0.8,98,506
"499",0.01,0.2,0.8,99,486
"500",0.01,0.2,0.8,100,419
"501",0.01,0.2,0.95,1,484
"502",0.01,0.2,0.95,2,517
"503",0.01,0.2,0.95,3,559
"504",0.01,0.2,0.95,4,510
"505",0.01,0.2,0.95,5,462
"506",0.01,0.2,0.95,6,582
"507",0.01,0.2,0.95,7,526
"508",0.01,0.2,0.95,8,524
"509",0.01,0.2,0.95,9,532
"510",0.01,0.2,0.95,10,608
"511",0.01,0.2,0.95,11,560
"512",0.01,0.2,0.95,12,578
"513",0.01,0.2,0.95,13,559
"514",0.01,0.2,0.95,14,557
"515",0.01,0.2,0.95,15,485
"516",0.01,0.2,0.95,16,498
"517",0.01,0.2,0.95,17,457
"518",0.01,0.2,0.95,18,581
"519",0.01,0.2,0.95,19,534
"520",0.01,0.2,0.95,20,536
"521",0.01,0.2,0.95,21,572
"522",0.01,0.2,0.95,22,619
"523",0.01,0.2,0.95,23,540
"524",0.01,0.2,0.95,24,542
"525",0.01,0.2,0.95,25,506
"526",0.01,0.2,0.95,26,558
"527",0.01,0.2,0.95,27,503
"528",0.01,0.2,0.95,28,506
"529",0.01,0.2,0.95,29,508
"530",0.01,0.2,0.95,30,703
"531",0.01,0.2,0.95,31,490
"532",0.01,0.2,0.95,32,584
"533",0.01,0.2,0.95,33,508
"534",0.01,0.2,0.95,34,551
"535",0.01,0.2,0.95,35,606
"536",0.01,0.2,0.95,36,497
"537",0.01,0.2,0.95,37,514
"538",0.01,0.2,0.95,38,582
"539",0.01,0.2,0.95,39,584
"540",0.01,0.2,0.95,40,491
"541",0.01,0.2,0.95,41,439
"542",0.01,0.2,0.95,42,491
"543",0.01,0.2,0.95,43,509
"544",0.01,0.2,0.95,44,611
"545",0.01,0.2,0.95,45,516
"546",0.01,0.2,0.95,46,554
"547",0.01,0.2,0.95,47,606
"548",0.01,0.2,0.95,48,586
"549",0.01,0.2,0.95,49,596
"550",0.01,0.2,0.95,50,600
"551",0.01,0.2,0.95,51,460
"552",0.01,0.2,0.95,52,579
"553",0.01,0.2,0.95,53,513
"554",0.01,0.2,0.95,54,578
"555",0.01,0.2,0.95,55,420
"556",0.01,0.2,0.95,56,605
"557",0.01,0.2,0.95,57,528
"558",0.01,0.2,0.95,58,566
"559",0.01,0.2,0.95,59,523
"560",0.01,0.2,0.95,60,697
"561",0.01,0.2,0.95,61,551
"562",0.01,0.2,0.95,62,578
"563",0.01,0.2,0.95,63,527
"564",0.01,0.2,0.95,64,504
"565",0.01,0.2,0.95,65,488
"566",0.01,0.2,0.95,66,462
"567",0.01,0.2,0.95,67,590
"568",0.01,0.2,0.95,68,537
"569",0.01,0.2,0.95,69,555
"570",0.01,0.2,0.95,70,526
"571",0.01,0.2,0.95,71,701
"572",0.01,0.2,0.95,72,570
"573",0.01,0.2,0.95,73,554
"574",0.01,0.2,0.95,74,569
"575",0.01,0.2,0.95,75,537
"576",0.01,0.2,0.95,76,528
"577",0.01,0.2,0.95,77,517
"578",0.01,0.2,0.95,78,614
"579",0.01,0.2,0.95,79,505
"580",0.01,0.2,0.95,80,449
"581",0.01,0.2,0.95,81,521
"582",0.01,0.2,0.95,82,551
"583",0.01,0.2,0.95,83,525
"584",0.01,0.2,0.95,84,483
"585",0.01,0.2,0.95,85,543
"586",0.01,0.2,0.95,86,561
"587",0.01,0.2,0.95,87,539
"588",0.01,0.2,0.95,88,521
"589",0.01,0.2,0.95,89,448
"590",0.01,0.2,0.95,90,453
"591",0.01,0.2,0.95,91,542
"592",0.01,0.2,0.95,92,494
"593",0.01,0.2,0.95,93,574
"594",0.01,0.2,0.95,94,556
"595",0.01,0.2,0.95,95,498
"596",0.01,0.2,0.95,96,544
"597",0.01,0.2,0.95,97,622
"598",0.01,0.2,0.95,98,498
"599",0.01,0.2,0.95,99,515
"600",0.01,0.2,0.95,100,550
"601",0.01,0.2,0.99,1,627
"602",0.01,0.2,0.99,2,644
"603",0.01,0.2,0.99,3,988
"604",0.01,0.2,0.99,4,897
"605",0.01,0.2,0.99,5,919
"606",0.01,0.2,0.99,6,729
"607",0.01,0.2,0.99,7,763
"608",0.01,0.2,0.99,8,520
"609",0.01,0.2,0.99,9,661
"610",0.01,0.2,0.99,10,784
"611",0.01,0.2,0.99,11,762
"612",0.01,0.2,0.99,12,794
"613",0.01,0.2,0.99,13,1038
"614",0.01,0.2,0.99,14,578
"615",0.01,0.2,0.99,15,794
"616",0.01,0.2,0.99,16,573
"617",0.01,0.2,0.99,17,995
"618",0.01,0.2,0.99,18,923
"619",0.01,0.2,0.99,19,747
"620",0.01,0.2,0.99,20,650
"621",0.01,0.2,0.99,21,789
"622",0.01,0.2,0.99,22,527
"623",0.01,0.2,0.99,23,685
"624",0.01,0.2,0.99,24,687
"625",0.01,0.2,0.99,25,720
"626",0.01,0.2,0.99,26,587
"627",0.01,0.2,0.99,27,803
"628",0.01,0.2,0.99,28,824
"629",0.01,0.2,0.99,29,677
"630",0.01,0.2,0.99,30,849
"631",0.01,0.2,0.99,31,828
"632",0.01,0.2,0.99,32,816
"633",0.01,0.2,0.99,33,732
"634",0.01,0.2,0.99,34,617
"635",0.01,0.2,0.99,35,852
"636",0.01,0.2,0.99,36,718
"637",0.01,0.2,0.99,37,661
"638",0.01,0.2,0.99,38,791
"639",0.01,0.2,0.99,39,556
"640",0.01,0.2,0.99,40,866
"641",0.01,0.2,0.99,41,645
"642",0.01,0.2,0.99,42,471
"643",0.01,0.2,0.99,43,529
"644",0.01,0.2,0.99,44,792
"645",0.01,0.2,0.99,45,936
"646",0.01,0.2,0.99,46,692
"647",0.01,0.2,0.99,47,745
"648",0.01,0.2,0.99,48,649
"649",0.01,0.2,0.99,49,734
"650",0.01,0.2,0.99,50,902
"651",0.01,0.2,0.99,51,742
"652",0.01,0.2,0.99,52,907
"653",0.01,0.2,0.99,53,871
"654",0.01,0.2,0.99,54,640
"655",0.01,0.2,0.99,55,666
"656",0.01,0.2,0.99,56,687
"657",0.01,0.2,0.99,57,768
"658",0.01,0.2,0.99,58,591
"659",0.01,0.2,0.99,59,677
"660",0.01,0.2,0.99,60,909
"661",0.01,0.2,0.99,61,635
"662",0.01,0.2,0.99,62,885
"663",0.01,0.2,0.99,63,566
"664",0.01,0.2,0.99,64,777
"665",0.01,0.2,0.99,65,782
"666",0.01,0.2,0.99,66,630
"667",0.01,0.2,0.99,67,700
"668",0.01,0.2,0.99,68,1097
"669",0.01,0.2,0.99,69,776
"670",0.01,0.2,0.99,70,900
"671",0.01,0.2,0.99,71,780
"672",0.01,0.2,0.99,72,976
"673",0.01,0.2,0.99,73,904
"674",0.01,0.2,0.99,74,910
"675",0.01,0.2,0.99,75,890
"676",0.01,0.2,0.99,76,562
"677",0.01,0.2,0.99,77,772
"678",0.01,0.2,0.99,78,627
"679",0.01,0.2,0.99,79,732
"680",0.01,0.2,0.99,80,841
"681",0.01,0.2,0.99,81,639
"682",0.01,0.2,0.99,82,705
"683",0.01,0.2,0.99,83,750
"684",0.01,0.2,0.99,84,586
"685",0.01,0.2,0.99,85,707
"686",0.01,0.2,0.99,86,701
"687",0.01,0.2,0.99,87,543
"688",0.01,0.2,0.99,88,839
"689",0.01,0.2,0.99,89,714
"690",0.01,0.2,0.99,90,690
"691",0.01,0.2,0.99,91,896
"692",0.01,0.2,0.99,92,912
"693",0.01,0.2,0.99,93,763
"694",0.01,0.2,0.99,94,784
"695",0.01,0.2,0.99,95,723
"696",0.01,0.2,0.99,96,602
"697",0.01,0.2,0.99,97,407
"698",0.01,0.2,0.99,98,683
"699",0.01,0.2,0.99,99,647
"700",0.01,0.2,0.99,100,517
"701",0.01,0.2,1,1,1226
"702",0.01,0.2,1,2,1354
"703",0.01,0.2,1,3,725
"704",0.01,0.2,1,4,689
"705",0.01,0.2,1,5,608
"706",0.01,0.2,1,6,652
"707",0.01,0.2,1,7,738
"708",0.01,0.2,1,8,669
"709",0.01,0.2,1,9,808
"710",0.01,0.2,1,10,1144
"711",0.01,0.2,1,11,983
"712",0.01,0.2,1,12,964
"713",0.01,0.2,1,13,676
"714",0.01,0.2,1,14,998
"715",0.01,0.2,1,15,812
"716",0.01,0.2,1,16,690
"717",0.01,0.2,1,17,1164
"718",0.01,0.2,1,18,975
"719",0.01,0.2,1,19,854
"720",0.01,0.2,1,20,653
"721",0.01,0.2,1,21,1201
"722",0.01,0.2,1,22,752
"723",0.01,0.2,1,23,983
"724",0.01,0.2,1,24,547
"725",0.01,0.2,1,25,713
"726",0.01,0.2,1,26,920
"727",0.01,0.2,1,27,1399
"728",0.01,0.2,1,28,647
"729",0.01,0.2,1,29,497
"730",0.01,0.2,1,30,579
"731",0.01,0.2,1,31,1153
"732",0.01,0.2,1,32,609
"733",0.01,0.2,1,33,765
"734",0.01,0.2,1,34,932
"735",0.01,0.2,1,35,1476
"736",0.01,0.2,1,36,673
"737",0.01,0.2,1,37,930
"738",0.01,0.2,1,38,603
"739",0.01,0.2,1,39,1021
"740",0.01,0.2,1,40,580
"741",0.01,0.2,1,41,608
"742",0.01,0.2,1,42,950
"743",0.01,0.2,1,43,751
"744",0.01,0.2,1,44,584
"745",0.01,0.2,1,45,478
"746",0.01,0.2,1,46,746
"747",0.01,0.2,1,47,636
"748",0.01,0.2,1,48,425
"749",0.01,0.2,1,49,605
"750",0.01,0.2,1,50,787
"751",0.01,0.2,1,51,512
"752",0.01,0.2,1,52,550
"753",0.01,0.2,1,53,1010
"754",0.01,0.2,1,54,1231
"755",0.01,0.2,1,55,1110
"756",0.01,0.2,1,56,739
"757",0.01,0.2,1,57,499
"758",0.01,0.2,1,58,596
"759",0.01,0.2,1,59,809
"760",0.01,0.2,1,60,646
"761",0.01,0.2,1,61,1082
"762",0.01,0.2,1,62,780
"763",0.01,0.2,1,63,577
"764",0.01,0.2,1,64,680
"765",0.01,0.2,1,65,603
"766",0.01,0.2,1,66,786
"767",0.01,0.2,1,67,1280
"768",0.01,0.2,1,68,1567
"769",0.01,0.2,1,69,956
"770",0.01,0.2,1,70,720
"771",0.01,0.2,1,71,425
"772",0.01,0.2,1,72,1260
"773",0.01,0.2,1,73,947
"774",0.01,0.2,1,74,590
"775",0.01,0.2,1,75,813
"776",0.01,0.2,1,76,838
"777",0.01,0.2,1,77,653
"778",0.01,0.2,1,78,595
"779",0.01,0.2,1,79,849
"780",0.01,0.2,1,80,738
"781",0.01,0.2,1,81,700
"782",0.01,0.2,1,82,719
"783",0.01,0.2,1,83,988
"784",0.01,0.2,1,84,508
"785",0.01,0.2,1,85,843
"786",0.01,0.2,1,86,628
"787",0.01,0.2,1,87,510
"788",0.01,0.2,1,88,1109
"789",0.01,0.2,1,89,597
"790",0.01,0.2,1,90,888
"791",0.01,0.2,1,91,963
"792",0.01,0.2,1,92,852
"793",0.01,0.2,1,93,1138
"794",0.01,0.2,1,94,578
"795",0.01,0.2,1,95,910
"796",0.01,0.2,1,96,895
"797",0.01,0.2,1,97,551
"798",0.01,0.2,1,98,635
"799",0.01,0.2,1,99,683
"800",0.01,0.2,1,100,756
