"","Selection_coefficient","Dominance_coefficient","Uniparenting_rate","Replicate","Relative_homo_selfing"
"1",0.01,0.2,0,1,0.0296884800334518
"2",0.01,0.2,0,2,0.0248257839721254
"3",0.01,0.2,0,3,0.0237571491421029
"4",0.01,0.2,0,4,0.0222888984140592
"5",0.01,0.2,0,5,0.0252996005326232
"6",0.01,0.2,0,6,0.023094688221709
"7",0.01,0.2,0,7,0.0266278344081548
"8",0.01,0.2,0,8,0.0201807862097961
"9",0.01,0.2,0,9,0.0227810015044058
"10",0.01,0.2,0,10,0.0234604105571848
"11",0.01,0.2,0,11,0.0255497382198953
"12",0.01,0.2,0,12,0.0224994886479853
"13",0.01,0.2,0,13,0.0242686890574215
"14",0.01,0.2,0,14,0.0230995380092398
"15",0.01,0.2,0,15,0.0255406797116375
"16",0.01,0.2,0,16,0.0234278668310728
"17",0.01,0.2,0,17,0.0200597524541187
"18",0.01,0.2,0,18,0.0216514540437274
"19",0.01,0.2,0,19,0.0173141891891892
"20",0.01,0.2,0,20,0.0253164556962025
"21",0.01,0.2,0,21,0.0254905927574348
"22",0.01,0.2,0,22,0.0228045609121824
"23",0.01,0.2,0,23,0.0243953732912723
"24",0.01,0.2,0,24,0.0247068676716918
"25",0.01,0.2,0,25,0.0270543105188774
"26",0.01,0.2,0,26,0.0175213675213675
"27",0.01,0.2,0,27,0.0312747426761679
"28",0.01,0.2,0,28,0.0232700551132884
"29",0.01,0.2,0,29,0.0236457437661221
"30",0.01,0.2,0,30,0.0203605514316013
"31",0.01,0.2,0,31,0.0233990147783251
"32",0.01,0.2,0,32,0.03485198404367
"33",0.01,0.2,0,33,0.0224066390041494
"34",0.01,0.2,0,34,0.0178649237472767
"35",0.01,0.2,0,35,0.0222364763737439
"36",0.01,0.2,0,36,0.021770985974461
"37",0.01,0.2,0,37,0.028021748222501
"38",0.01,0.2,0,38,0.0225675963380881
"39",0.01,0.2,0,39,0.0254291163382072
"40",0.01,0.2,0,40,0.0221016676712879
"41",0.01,0.2,0,41,0.0220806794055202
"42",0.01,0.2,0,42,0.0230966638152267
"43",0.01,0.2,0,43,0.0208724692131079
"44",0.01,0.2,0,44,0.029374737725556
"45",0.01,0.2,0,45,0.0165394402035623
"46",0.01,0.2,0,46,0.0202368137782562
"47",0.01,0.2,0,47,0.0226157456795392
"48",0.01,0.2,0,48,0.0267111853088481
"49",0.01,0.2,0,49,0.0156770527140897
"50",0.01,0.2,0,50,0.0261544748671843
"51",0.01,0.2,0,51,0.0256039644848235
"52",0.01,0.2,0,52,0.0211180124223602
"53",0.01,0.2,0,53,0.0338913842384647
"54",0.01,0.2,0,54,0.0259152612093789
"55",0.01,0.2,0,55,0.0227368421052632
"56",0.01,0.2,0,56,0.0256062075654704
"57",0.01,0.2,0,57,0.0269000853970965
"58",0.01,0.2,0,58,0.0253324889170361
"59",0.01,0.2,0,59,0.025391787343781
"60",0.01,0.2,0,60,0.0220588235294118
"61",0.01,0.2,0,61,0.0258488499452355
"62",0.01,0.2,0,62,0.0245814791269337
"63",0.01,0.2,0,63,0.0201480263157895
"64",0.01,0.2,0,64,0.0185223296974686
"65",0.01,0.2,0,65,0.0221618231235626
"66",0.01,0.2,0,66,0.0225234619395203
"67",0.01,0.2,0,67,0.0192662430825989
"68",0.01,0.2,0,68,0.0222680412371134
"69",0.01,0.2,0,69,0.0305759162303665
"70",0.01,0.2,0,70,0.0185720181593066
"71",0.01,0.2,0,71,0.022
"72",0.01,0.2,0,72,0.0281986531986532
"73",0.01,0.2,0,73,0.0192066805845511
"74",0.01,0.2,0,74,0.0244159124394864
"75",0.01,0.2,0,75,0.0235798499464094
"76",0.01,0.2,0,76,0.021004942339374
"77",0.01,0.2,0,77,0.0274590163934426
"78",0.01,0.2,0,78,0.0371517027863777
"79",0.01,0.2,0,79,0.0204559982953335
"80",0.01,0.2,0,80,0.0226178010471204
"81",0.01,0.2,0,81,0.0244458255645328
"82",0.01,0.2,0,82,0.0370887337986042
"83",0.01,0.2,0,83,0.024191866527633
"84",0.01,0.2,0,84,0.0327802509105625
"85",0.01,0.2,0,85,0.0292421746293245
"86",0.01,0.2,0,86,0.0245324753669817
"87",0.01,0.2,0,87,0.0213377102995486
"88",0.01,0.2,0,88,0.0262282247015071
"89",0.01,0.2,0,89,0.029927319367251
"90",0.01,0.2,0,90,0.024885939444214
"91",0.01,0.2,0,91,0.0225579053373615
"92",0.01,0.2,0,92,0.0227703984819734
"93",0.01,0.2,0,93,0.0250574232616413
"94",0.01,0.2,0,94,0.0206268958543984
"95",0.01,0.2,0,95,0.023325960184999
"96",0.01,0.2,0,96,0.0255230125523013
"97",0.01,0.2,0,97,0.0188679245283019
"98",0.01,0.2,0,98,0.0318237454100367
"99",0.01,0.2,0,99,0.0257597102032602
"100",0.01,0.2,0,100,0.0258780036968577
"101",0.01,0.2,0.2,1,0.134521414199483
"102",0.01,0.2,0.2,2,0.144154370034052
"103",0.01,0.2,0.2,3,0.163106796116505
"104",0.01,0.2,0.2,4,0.0844266970907016
"105",0.01,0.2,0.2,5,0.0918809592603294
"106",0.01,0.2,0.2,6,0.0883760202645652
"107",0.01,0.2,0.2,7,0.115610164758447
"108",0.01,0.2,0.2,8,0.107713884992987
"109",0.01,0.2,0.2,9,0.115798661623509
"110",0.01,0.2,0.2,10,0.13023507160227
"111",0.01,0.2,0.2,11,0.177640795741104
"112",0.01,0.2,0.2,12,0.133750711439954
"113",0.01,0.2,0.2,13,0.102097130242826
"114",0.01,0.2,0.2,14,0.109908883826879
"115",0.01,0.2,0.2,15,0.159287257019438
"116",0.01,0.2,0.2,16,0.169395821569735
"117",0.01,0.2,0.2,17,0.0778630292696789
"118",0.01,0.2,0.2,18,0.0993571011104617
"119",0.01,0.2,0.2,19,0.0612653879186945
"120",0.01,0.2,0.2,20,0.0710059171597633
"121",0.01,0.2,0.2,21,0.183158491635951
"122",0.01,0.2,0.2,22,0.143437862950058
"123",0.01,0.2,0.2,23,0.19367816091954
"124",0.01,0.2,0.2,24,0.117746005046257
"125",0.01,0.2,0.2,25,0.113300492610837
"126",0.01,0.2,0.2,26,0.102210737869653
"127",0.01,0.2,0.2,27,0.150215827338129
"128",0.01,0.2,0.2,28,0.112817483756645
"129",0.01,0.2,0.2,29,0.108505227465386
"130",0.01,0.2,0.2,30,0.0966325036603221
"131",0.01,0.2,0.2,31,0.14103982300885
"132",0.01,0.2,0.2,32,0.141673349371826
"133",0.01,0.2,0.2,33,0.0890557939914163
"134",0.01,0.2,0.2,34,0.0823162077774624
"135",0.01,0.2,0.2,35,0.206835066864785
"136",0.01,0.2,0.2,36,0.112299465240642
"137",0.01,0.2,0.2,37,0.132002218524681
"138",0.01,0.2,0.2,38,0.0617352614015573
"139",0.01,0.2,0.2,39,0.135166093928981
"140",0.01,0.2,0.2,40,0.147785927737028
"141",0.01,0.2,0.2,41,0.0349030470914127
"142",0.01,0.2,0.2,42,0.0981090709783502
"143",0.01,0.2,0.2,43,0.122482308111051
"144",0.01,0.2,0.2,44,0.125617114646188
"145",0.01,0.2,0.2,45,0.118161925601751
"146",0.01,0.2,0.2,46,0.118179398456215
"147",0.01,0.2,0.2,47,0.131358300726663
"148",0.01,0.2,0.2,48,0.131849315068493
"149",0.01,0.2,0.2,49,0.143627590122055
"150",0.01,0.2,0.2,50,0.136337706788363
"151",0.01,0.2,0.2,51,0.125779036827195
"152",0.01,0.2,0.2,52,0.154882154882155
"153",0.01,0.2,0.2,53,0.173125884016973
"154",0.01,0.2,0.2,54,0.169230769230769
"155",0.01,0.2,0.2,55,0.107683352735739
"156",0.01,0.2,0.2,56,0.158246458166266
"157",0.01,0.2,0.2,57,0.111237230419977
"158",0.01,0.2,0.2,58,0.0927005273383292
"159",0.01,0.2,0.2,59,0.131655939145699
"160",0.01,0.2,0.2,60,0.197802197802198
"161",0.01,0.2,0.2,61,0.100330760749724
"162",0.01,0.2,0.2,62,0.0744889386726407
"163",0.01,0.2,0.2,63,0.131910235358511
"164",0.01,0.2,0.2,64,0.118877270225647
"165",0.01,0.2,0.2,65,0.0750279955207167
"166",0.01,0.2,0.2,66,0.175928511588942
"167",0.01,0.2,0.2,67,0.164777439867293
"168",0.01,0.2,0.2,68,0.163198247535597
"169",0.01,0.2,0.2,69,0.162546177891446
"170",0.01,0.2,0.2,70,0.126802721088435
"171",0.01,0.2,0.2,71,0.101441537640149
"172",0.01,0.2,0.2,72,0.0895104895104895
"173",0.01,0.2,0.2,73,0.166299559471366
"174",0.01,0.2,0.2,74,0.122753663256843
"175",0.01,0.2,0.2,75,0.0765217391304348
"176",0.01,0.2,0.2,76,0.143848930852541
"177",0.01,0.2,0.2,77,0.0731085293284216
"178",0.01,0.2,0.2,78,0.122855561704483
"179",0.01,0.2,0.2,79,0.0926618705035971
"180",0.01,0.2,0.2,80,0.154172185430464
"181",0.01,0.2,0.2,81,0.0704968082153761
"182",0.01,0.2,0.2,82,0.0803992237316329
"183",0.01,0.2,0.2,83,0.182857142857143
"184",0.01,0.2,0.2,84,0.161096829477292
"185",0.01,0.2,0.2,85,0.108185460789926
"186",0.01,0.2,0.2,86,0.112013441612994
"187",0.01,0.2,0.2,87,0.109229929000546
"188",0.01,0.2,0.2,88,0.115473441108545
"189",0.01,0.2,0.2,89,0.101273148148148
"190",0.01,0.2,0.2,90,0.106097894449002
"191",0.01,0.2,0.2,91,0.0887799564270152
"192",0.01,0.2,0.2,92,0.0887409872434831
"193",0.01,0.2,0.2,93,0.174585635359116
"194",0.01,0.2,0.2,94,0.0790406105205778
"195",0.01,0.2,0.2,95,0.130041152263374
"196",0.01,0.2,0.2,96,0.10267733922164
"197",0.01,0.2,0.2,97,0.14010989010989
"198",0.01,0.2,0.2,98,0.0757486788021139
"199",0.01,0.2,0.2,99,0.123328785811733
"200",0.01,0.2,0.2,100,0.115838594564919
"201",0.01,0.2,0.4,1,0.301424050632911
"202",0.01,0.2,0.4,2,0.195635229929852
"203",0.01,0.2,0.4,3,0.188664596273292
"204",0.01,0.2,0.4,4,0.386196200077549
"205",0.01,0.2,0.4,5,0.259938837920489
"206",0.01,0.2,0.4,6,0.179140127388535
"207",0.01,0.2,0.4,7,0.200157604412924
"208",0.01,0.2,0.4,8,0.193822393822394
"209",0.01,0.2,0.4,9,0.30503144654088
"210",0.01,0.2,0.4,10,0.153123871433731
"211",0.01,0.2,0.4,11,0.300036324010171
"212",0.01,0.2,0.4,12,0.306445387881127
"213",0.01,0.2,0.4,13,0.275758711127763
"214",0.01,0.2,0.4,14,0.276661514683153
"215",0.01,0.2,0.4,15,0.166858017604286
"216",0.01,0.2,0.4,16,0.262610704659222
"217",0.01,0.2,0.4,17,0.250486192143135
"218",0.01,0.2,0.4,18,0.186453576864536
"219",0.01,0.2,0.4,19,0.287948809100604
"220",0.01,0.2,0.4,20,0.214003590664273
"221",0.01,0.2,0.4,21,0.21124104111656
"222",0.01,0.2,0.4,22,0.32262721039336
"223",0.01,0.2,0.4,23,0.340585146286572
"224",0.01,0.2,0.4,24,0.318962228157192
"225",0.01,0.2,0.4,25,0.29317738791423
"226",0.01,0.2,0.4,26,0.175074183976261
"227",0.01,0.2,0.4,27,0.173752310536044
"228",0.01,0.2,0.4,28,0.263753413968006
"229",0.01,0.2,0.4,29,0.294685990338164
"230",0.01,0.2,0.4,30,0.187621642662515
"231",0.01,0.2,0.4,31,0.272659176029963
"232",0.01,0.2,0.4,32,0.294592413236481
"233",0.01,0.2,0.4,33,0.189960274467317
"234",0.01,0.2,0.4,34,0.210841121495327
"235",0.01,0.2,0.4,35,0.225660377358491
"236",0.01,0.2,0.4,36,0.293988269794721
"237",0.01,0.2,0.4,37,0.274613353451528
"238",0.01,0.2,0.4,38,0.219747587230883
"239",0.01,0.2,0.4,39,0.191049266641595
"240",0.01,0.2,0.4,40,0.145939584150647
"241",0.01,0.2,0.4,41,0.186751795690343
"242",0.01,0.2,0.4,42,0.260180995475113
"243",0.01,0.2,0.4,43,0.292411601112435
"244",0.01,0.2,0.4,44,0.264395782643958
"245",0.01,0.2,0.4,45,0.352720450281426
"246",0.01,0.2,0.4,46,0.335144170497284
"247",0.01,0.2,0.4,47,0.33177401943145
"248",0.01,0.2,0.4,48,0.295728368017525
"249",0.01,0.2,0.4,49,0.338833883388339
"250",0.01,0.2,0.4,50,0.257355825814045
"251",0.01,0.2,0.4,51,0.220069740410694
"252",0.01,0.2,0.4,52,0.278293135435993
"253",0.01,0.2,0.4,53,0.202737698853126
"254",0.01,0.2,0.4,54,0.157836235642831
"255",0.01,0.2,0.4,55,0.265274555297757
"256",0.01,0.2,0.4,56,0.173120728929385
"257",0.01,0.2,0.4,57,0.28391167192429
"258",0.01,0.2,0.4,58,0.212040893600909
"259",0.01,0.2,0.4,59,0.326386435888379
"260",0.01,0.2,0.4,60,0.280137772675086
"261",0.01,0.2,0.4,61,0.348407392843099
"262",0.01,0.2,0.4,62,0.202821197102554
"263",0.01,0.2,0.4,63,0.227240143369176
"264",0.01,0.2,0.4,64,0.188183807439825
"265",0.01,0.2,0.4,65,0.24263839811543
"266",0.01,0.2,0.4,66,0.33359133126935
"267",0.01,0.2,0.4,67,0.300374531835206
"268",0.01,0.2,0.4,68,0.221205186880244
"269",0.01,0.2,0.4,69,0.259435690729205
"270",0.01,0.2,0.4,70,0.216921356690272
"271",0.01,0.2,0.4,71,0.264705882352941
"272",0.01,0.2,0.4,72,0.197718631178707
"273",0.01,0.2,0.4,73,0.210943695479778
"274",0.01,0.2,0.4,74,0.225319396051103
"275",0.01,0.2,0.4,75,0.331743119266055
"276",0.01,0.2,0.4,76,0.260804208944006
"277",0.01,0.2,0.4,77,0.174801362088536
"278",0.01,0.2,0.4,78,0.226744186046512
"279",0.01,0.2,0.4,79,0.19426523297491
"280",0.01,0.2,0.4,80,0.3091962346126
"281",0.01,0.2,0.4,81,0.36734693877551
"282",0.01,0.2,0.4,82,0.284202569916856
"283",0.01,0.2,0.4,83,0.24191063174114
"284",0.01,0.2,0.4,84,0.264694433631763
"285",0.01,0.2,0.4,85,0.197284345047923
"286",0.01,0.2,0.4,86,0.162544169611307
"287",0.01,0.2,0.4,87,0.31265306122449
"288",0.01,0.2,0.4,88,0.244518766257897
"289",0.01,0.2,0.4,89,0.284966342557966
"290",0.01,0.2,0.4,90,0.293577981651376
"291",0.01,0.2,0.4,91,0.17040029379361
"292",0.01,0.2,0.4,92,0.167996959331053
"293",0.01,0.2,0.4,93,0.200800291014915
"294",0.01,0.2,0.4,94,0.305033809166041
"295",0.01,0.2,0.4,95,0.270249520153551
"296",0.01,0.2,0.4,96,0.16502808988764
"297",0.01,0.2,0.4,97,0.226042428675933
"298",0.01,0.2,0.4,98,0.264612954186414
"299",0.01,0.2,0.4,99,0.270885175968717
"300",0.01,0.2,0.4,100,0.229643527204503
"301",0.01,0.2,0.6,1,0.515939185875429
"302",0.01,0.2,0.6,2,0.328849028400598
"303",0.01,0.2,0.6,3,0.452271567126085
"304",0.01,0.2,0.6,4,0.494553376906318
"305",0.01,0.2,0.6,5,0.527472527472527
"306",0.01,0.2,0.6,6,0.358758548132562
"307",0.01,0.2,0.6,7,0.422094841063054
"308",0.01,0.2,0.6,8,0.469238790406674
"309",0.01,0.2,0.6,9,0.454406520631686
"310",0.01,0.2,0.6,10,0.513592233009709
"311",0.01,0.2,0.6,11,0.523613963039014
"312",0.01,0.2,0.6,12,0.390396659707724
"313",0.01,0.2,0.6,13,0.456989247311828
"314",0.01,0.2,0.6,14,0.353513513513514
"315",0.01,0.2,0.6,15,0.390082644628099
"316",0.01,0.2,0.6,16,0.387896825396825
"317",0.01,0.2,0.6,17,0.348750664540138
"318",0.01,0.2,0.6,18,0.504210526315789
"319",0.01,0.2,0.6,19,0.500785751702462
"320",0.01,0.2,0.6,20,0.475991649269311
"321",0.01,0.2,0.6,21,0.435936702399183
"322",0.01,0.2,0.6,22,0.481272447408928
"323",0.01,0.2,0.6,23,0.508188061278394
"324",0.01,0.2,0.6,24,0.474385245901639
"325",0.01,0.2,0.6,25,0.519230769230769
"326",0.01,0.2,0.6,26,0.431556948798328
"327",0.01,0.2,0.6,27,0.463126843657817
"328",0.01,0.2,0.6,28,0.370410367170626
"329",0.01,0.2,0.6,29,0.455500276395799
"330",0.01,0.2,0.6,30,0.424897119341564
"331",0.01,0.2,0.6,31,0.419713831478537
"332",0.01,0.2,0.6,32,0.411493073370959
"333",0.01,0.2,0.6,33,0.405753968253968
"334",0.01,0.2,0.6,34,0.469673405909798
"335",0.01,0.2,0.6,35,0.462648119526018
"336",0.01,0.2,0.6,36,0.471241170534813
"337",0.01,0.2,0.6,37,0.527881040892193
"338",0.01,0.2,0.6,38,0.394103194103194
"339",0.01,0.2,0.6,39,0.360215053763441
"340",0.01,0.2,0.6,40,0.417047184170472
"341",0.01,0.2,0.6,41,0.507446808510638
"342",0.01,0.2,0.6,42,0.414101290963257
"343",0.01,0.2,0.6,43,0.526818906001062
"344",0.01,0.2,0.6,44,0.423096576392437
"345",0.01,0.2,0.6,45,0.559670781893004
"346",0.01,0.2,0.6,46,0.431547619047619
"347",0.01,0.2,0.6,47,0.370689655172414
"348",0.01,0.2,0.6,48,0.471337579617834
"349",0.01,0.2,0.6,49,0.391129032258065
"350",0.01,0.2,0.6,50,0.420091324200913
"351",0.01,0.2,0.6,51,0.427024239298608
"352",0.01,0.2,0.6,52,0.346803069053708
"353",0.01,0.2,0.6,53,0.477829942618675
"354",0.01,0.2,0.6,54,0.533684210526316
"355",0.01,0.2,0.6,55,0.399804017638413
"356",0.01,0.2,0.6,56,0.376947040498442
"357",0.01,0.2,0.6,57,0.42495126705653
"358",0.01,0.2,0.6,58,0.351909184726522
"359",0.01,0.2,0.6,59,0.509378084896348
"360",0.01,0.2,0.6,60,0.346488980010251
"361",0.01,0.2,0.6,61,0.46989247311828
"362",0.01,0.2,0.6,62,0.368448365334717
"363",0.01,0.2,0.6,63,0.423379174852652
"364",0.01,0.2,0.6,64,0.287841191066998
"365",0.01,0.2,0.6,65,0.356164383561644
"366",0.01,0.2,0.6,66,0.458402203856749
"367",0.01,0.2,0.6,67,0.442778610694653
"368",0.01,0.2,0.6,68,0.460764587525151
"369",0.01,0.2,0.6,69,0.468397844194023
"370",0.01,0.2,0.6,70,0.458314350797267
"371",0.01,0.2,0.6,71,0.404094827586207
"372",0.01,0.2,0.6,72,0.40565577766943
"373",0.01,0.2,0.6,73,0.380113930605904
"374",0.01,0.2,0.6,74,0.472823218997361
"375",0.01,0.2,0.6,75,0.39719859929965
"376",0.01,0.2,0.6,76,0.42363545317977
"377",0.01,0.2,0.6,77,0.544450579790171
"378",0.01,0.2,0.6,78,0.460409019402202
"379",0.01,0.2,0.6,79,0.463270777479893
"380",0.01,0.2,0.6,80,0.44925296239052
"381",0.01,0.2,0.6,81,0.393180607352158
"382",0.01,0.2,0.6,82,0.375255623721881
"383",0.01,0.2,0.6,83,0.536170212765957
"384",0.01,0.2,0.6,84,0.460612142498746
"385",0.01,0.2,0.6,85,0.480986639260021
"386",0.01,0.2,0.6,86,0.360102301790281
"387",0.01,0.2,0.6,87,0.354145342886387
"388",0.01,0.2,0.6,88,0.359868111163448
"389",0.01,0.2,0.6,89,0.514100785945446
"390",0.01,0.2,0.6,90,0.481774960380349
"391",0.01,0.2,0.6,91,0.440629470672389
"392",0.01,0.2,0.6,92,0.361904761904762
"393",0.01,0.2,0.6,93,0.492537313432836
"394",0.01,0.2,0.6,94,0.363725012189176
"395",0.01,0.2,0.6,95,0.494394020288308
"396",0.01,0.2,0.6,96,0.352422907488987
"397",0.01,0.2,0.6,97,0.439077936333699
"398",0.01,0.2,0.6,98,0.366782006920415
"399",0.01,0.2,0.6,99,0.519550080342796
"400",0.01,0.2,0.6,100,0.397193739881274
"401",0.01,0.2,0.8,1,0.690058479532164
"402",0.01,0.2,0.8,2,0.686706746826987
"403",0.01,0.2,0.8,3,0.678353658536585
"404",0.01,0.2,0.8,4,0.683298683298683
"405",0.01,0.2,0.8,5,0.61119293078056
"406",0.01,0.2,0.8,6,0.628879892037787
"407",0.01,0.2,0.8,7,0.779401530967293
"408",0.01,0.2,0.8,8,0.775113415424498
"409",0.01,0.2,0.8,9,0.67682119205298
"410",0.01,0.2,0.8,10,0.704773869346734
"411",0.01,0.2,0.8,11,0.619456366237482
"412",0.01,0.2,0.8,12,0.61376404494382
"413",0.01,0.2,0.8,13,0.651572327044025
"414",0.01,0.2,0.8,14,0.711656441717791
"415",0.01,0.2,0.8,15,0.715829624920534
"416",0.01,0.2,0.8,16,0.68956228956229
"417",0.01,0.2,0.8,17,0.720930232558139
"418",0.01,0.2,0.8,18,0.677545691906005
"419",0.01,0.2,0.8,19,0.678062678062678
"420",0.01,0.2,0.8,20,0.587463556851312
"421",0.01,0.2,0.8,21,0.69618320610687
"422",0.01,0.2,0.8,22,0.584985835694051
"423",0.01,0.2,0.8,23,0.719945355191257
"424",0.01,0.2,0.8,24,0.651625746516257
"425",0.01,0.2,0.8,25,0.751705320600273
"426",0.01,0.2,0.8,26,0.75448168355417
"427",0.01,0.2,0.8,27,0.662905500705219
"428",0.01,0.2,0.8,28,0.559665038381019
"429",0.01,0.2,0.8,29,0.741836105976587
"430",0.01,0.2,0.8,30,0.606367583212735
"431",0.01,0.2,0.8,31,0.559840425531915
"432",0.01,0.2,0.8,32,0.622073578595318
"433",0.01,0.2,0.8,33,0.642238507661559
"434",0.01,0.2,0.8,34,0.542568542568543
"435",0.01,0.2,0.8,35,0.700689655172414
"436",0.01,0.2,0.8,36,0.674802584350323
"437",0.01,0.2,0.8,37,0.685378590078329
"438",0.01,0.2,0.8,38,0.639769452449568
"439",0.01,0.2,0.8,39,0.733512786002692
"440",0.01,0.2,0.8,40,0.717373899119295
"441",0.01,0.2,0.8,41,0.715596330275229
"442",0.01,0.2,0.8,42,0.709986320109439
"443",0.01,0.2,0.8,43,0.667961165048544
"444",0.01,0.2,0.8,44,0.586538461538462
"445",0.01,0.2,0.8,45,0.576951672862454
"446",0.01,0.2,0.8,46,0.691119691119691
"447",0.01,0.2,0.8,47,0.650585802894555
"448",0.01,0.2,0.8,48,0.601226993865031
"449",0.01,0.2,0.8,49,0.686346863468635
"450",0.01,0.2,0.8,50,0.595017793594306
"451",0.01,0.2,0.8,51,0.612215909090909
"452",0.01,0.2,0.8,52,0.66712049012934
"453",0.01,0.2,0.8,53,0.640680368532955
"454",0.01,0.2,0.8,54,0.723646723646724
"455",0.01,0.2,0.8,55,0.68815592203898
"456",0.01,0.2,0.8,56,0.540229885057471
"457",0.01,0.2,0.8,57,0.610288935870331
"458",0.01,0.2,0.8,58,0.577987846049966
"459",0.01,0.2,0.8,59,0.546744036105738
"460",0.01,0.2,0.8,60,0.702247191011236
"461",0.01,0.2,0.8,61,0.504322766570605
"462",0.01,0.2,0.8,62,0.67737003058104
"463",0.01,0.2,0.8,63,0.621935483870968
"464",0.01,0.2,0.8,64,0.610803324099723
"465",0.01,0.2,0.8,65,0.694626474442988
"466",0.01,0.2,0.8,66,0.680427046263345
"467",0.01,0.2,0.8,67,0.665726375176305
"468",0.01,0.2,0.8,68,0.648493543758967
"469",0.01,0.2,0.8,69,0.600282485875706
"470",0.01,0.2,0.8,70,0.626042334830019
"471",0.01,0.2,0.8,71,0.661674608577263
"472",0.01,0.2,0.8,72,0.543344709897611
"473",0.01,0.2,0.8,73,0.613351877607789
"474",0.01,0.2,0.8,74,0.465480427046263
"475",0.01,0.2,0.8,75,0.613621896880968
"476",0.01,0.2,0.8,76,0.629228687415426
"477",0.01,0.2,0.8,77,0.661246612466125
"478",0.01,0.2,0.8,78,0.746181818181818
"479",0.01,0.2,0.8,79,0.649619903248099
"480",0.01,0.2,0.8,80,0.629183400267738
"481",0.01,0.2,0.8,81,0.669950738916256
"482",0.01,0.2,0.8,82,0.726552179656539
"483",0.01,0.2,0.8,83,0.619636363636364
"484",0.01,0.2,0.8,84,0.634146341463415
"485",0.01,0.2,0.8,85,0.622428666224287
"486",0.01,0.2,0.8,86,0.552742616033755
"487",0.01,0.2,0.8,87,0.651461154668567
"488",0.01,0.2,0.8,88,0.623521224773834
"489",0.01,0.2,0.8,89,0.689655172413793
"490",0.01,0.2,0.8,90,0.633484162895928
"491",0.01,0.2,0.8,91,0.684789644012945
"492",0.01,0.2,0.8,92,0.751849361129792
"493",0.01,0.2,0.8,93,0.582295988934993
"494",0.01,0.2,0.8,94,0.620825147347741
"495",0.01,0.2,0.8,95,0.673642903858731
"496",0.01,0.2,0.8,96,0.665154950869237
"497",0.01,0.2,0.8,97,0.574482297929192
"498",0.01,0.2,0.8,98,0.715700141442716
"499",0.01,0.2,0.8,99,0.687898089171974
"500",0.01,0.2,0.8,100,0.628657164291073
"501",0.01,0.2,0.95,1,0.925430210325048
"502",0.01,0.2,0.95,2,0.880749574105622
"503",0.01,0.2,0.95,3,0.878240377062058
"504",0.01,0.2,0.95,4,0.929808568824066
"505",0.01,0.2,0.95,5,0.881679389312977
"506",0.01,0.2,0.95,6,0.86094674556213
"507",0.01,0.2,0.95,7,0.890016920473773
"508",0.01,0.2,0.95,8,0.863973619126134
"509",0.01,0.2,0.95,9,0.886666666666667
"510",0.01,0.2,0.95,10,0.952231793265466
"511",0.01,0.2,0.95,11,0.927152317880795
"512",0.01,0.2,0.95,12,0.920382165605096
"513",0.01,0.2,0.95,13,0.893685051958433
"514",0.01,0.2,0.95,14,0.919900908340215
"515",0.01,0.2,0.95,15,0.893186003683241
"516",0.01,0.2,0.95,16,0.841927303465765
"517",0.01,0.2,0.95,17,0.894324853228963
"518",0.01,0.2,0.95,18,0.912804399057345
"519",0.01,0.2,0.95,19,0.912820512820513
"520",0.01,0.2,0.95,20,0.842105263157895
"521",0.01,0.2,0.95,21,0.943116240725474
"522",0.01,0.2,0.95,22,0.980205859065717
"523",0.01,0.2,0.95,23,0.86677367576244
"524",0.01,0.2,0.95,24,0.917089678510998
"525",0.01,0.2,0.95,25,0.896368467670505
"526",0.01,0.2,0.95,26,0.911020408163265
"527",0.01,0.2,0.95,27,0.865748709122203
"528",0.01,0.2,0.95,28,0.885389326334208
"529",0.01,0.2,0.95,29,0.908765652951699
"530",0.01,0.2,0.95,30,0.938584779706275
"531",0.01,0.2,0.95,31,0.940499040307102
"532",0.01,0.2,0.95,32,0.900539707016191
"533",0.01,0.2,0.95,33,0.909579230080573
"534",0.01,0.2,0.95,34,0.888709677419355
"535",0.01,0.2,0.95,35,0.91679273827534
"536",0.01,0.2,0.95,36,0.906107566089335
"537",0.01,0.2,0.95,37,0.882403433476395
"538",0.01,0.2,0.95,38,0.891954022988506
"539",0.01,0.2,0.95,39,0.904725019364834
"540",0.01,0.2,0.95,40,0.872113676731794
"541",0.01,0.2,0.95,41,0.842610364683301
"542",0.01,0.2,0.95,42,0.876785714285714
"543",0.01,0.2,0.95,43,0.849040867389491
"544",0.01,0.2,0.95,44,0.942901234567901
"545",0.01,0.2,0.95,45,0.88659793814433
"546",0.01,0.2,0.95,46,0.921030756442228
"547",0.01,0.2,0.95,47,0.902457185405808
"548",0.01,0.2,0.95,48,0.958299264104661
"549",0.01,0.2,0.95,49,0.864394488759971
"550",0.01,0.2,0.95,50,0.954653937947494
"551",0.01,0.2,0.95,51,0.899315738025415
"552",0.01,0.2,0.95,52,0.916139240506329
"553",0.01,0.2,0.95,53,0.863636363636364
"554",0.01,0.2,0.95,54,0.865917602996255
"555",0.01,0.2,0.95,55,0.868665977249224
"556",0.01,0.2,0.95,56,0.922959572845156
"557",0.01,0.2,0.95,57,0.923076923076923
"558",0.01,0.2,0.95,58,0.87956487956488
"559",0.01,0.2,0.95,59,0.834130781499203
"560",0.01,0.2,0.95,60,0.94572591587517
"561",0.01,0.2,0.95,61,0.844444444444444
"562",0.01,0.2,0.95,62,0.916006339144215
"563",0.01,0.2,0.95,63,0.946140035906643
"564",0.01,0.2,0.95,64,0.95364238410596
"565",0.01,0.2,0.95,65,0.834188034188034
"566",0.01,0.2,0.95,66,0.908554572271386
"567",0.01,0.2,0.95,67,0.913312693498452
"568",0.01,0.2,0.95,68,0.894254787676936
"569",0.01,0.2,0.95,69,0.843465045592705
"570",0.01,0.2,0.95,70,0.920384951881015
"571",0.01,0.2,0.95,71,0.970242214532872
"572",0.01,0.2,0.95,72,0.861027190332326
"573",0.01,0.2,0.95,73,0.924874791318865
"574",0.01,0.2,0.95,74,0.896769109535067
"575",0.01,0.2,0.95,75,0.81859756097561
"576",0.01,0.2,0.95,76,0.885163453478625
"577",0.01,0.2,0.95,77,0.88527397260274
"578",0.01,0.2,0.95,78,0.921921921921922
"579",0.01,0.2,0.95,79,0.90990990990991
"580",0.01,0.2,0.95,80,0.837686567164179
"581",0.01,0.2,0.95,81,0.87563025210084
"582",0.01,0.2,0.95,82,0.927609427609428
"583",0.01,0.2,0.95,83,0.84
"584",0.01,0.2,0.95,84,0.846625766871166
"585",0.01,0.2,0.95,85,0.877221324717286
"586",0.01,0.2,0.95,86,0.927272727272727
"587",0.01,0.2,0.95,87,0.88
"588",0.01,0.2,0.95,88,0.847154471544715
"589",0.01,0.2,0.95,89,0.864030858244937
"590",0.01,0.2,0.95,90,0.886497064579256
"591",0.01,0.2,0.95,91,0.876313662085691
"592",0.01,0.2,0.95,92,0.893309222423146
"593",0.01,0.2,0.95,93,0.926553672316384
"594",0.01,0.2,0.95,94,0.913722267871816
"595",0.01,0.2,0.95,95,0.857142857142857
"596",0.01,0.2,0.95,96,0.911986588432523
"597",0.01,0.2,0.95,97,0.89689978370584
"598",0.01,0.2,0.95,98,0.880636604774536
"599",0.01,0.2,0.95,99,0.845648604269294
"600",0.01,0.2,0.95,100,0.862745098039216
"601",0.01,0.2,0.99,1,0.969088098918083
"602",0.01,0.2,0.99,2,0.950553505535055
"603",0.01,0.2,0.99,3,0.985044865403789
"604",0.01,0.2,0.99,4,0.977124183006536
"605",0.01,0.2,0.99,5,0.97094558901215
"606",0.01,0.2,0.99,6,0.936416184971098
"607",0.01,0.2,0.99,7,0.990266060999351
"608",0.01,0.2,0.99,8,0.953253895508708
"609",0.01,0.2,0.99,9,0.967789165446559
"610",0.01,0.2,0.99,10,0.985543683218102
"611",0.01,0.2,0.99,11,0.975672215108835
"612",0.01,0.2,0.99,12,0.944114149821641
"613",0.01,0.2,0.99,13,0.982024597918638
"614",0.01,0.2,0.99,14,0.945990180032733
"615",0.01,0.2,0.99,15,0.979642196175201
"616",0.01,0.2,0.99,16,0.955796497080901
"617",0.01,0.2,0.99,17,0.967898832684825
"618",0.01,0.2,0.99,18,0.959459459459459
"619",0.01,0.2,0.99,19,0.953414167198468
"620",0.01,0.2,0.99,20,0.950292397660819
"621",0.01,0.2,0.99,21,0.972273567467652
"622",0.01,0.2,0.99,22,0.962557077625571
"623",0.01,0.2,0.99,23,0.981375358166189
"624",0.01,0.2,0.99,24,0.924629878869448
"625",0.01,0.2,0.99,25,0.952380952380952
"626",0.01,0.2,0.99,26,0.963084495488105
"627",0.01,0.2,0.99,27,0.985276073619632
"628",0.01,0.2,0.99,28,0.960932944606414
"629",0.01,0.2,0.99,29,0.970609318996416
"630",0.01,0.2,0.99,30,0.976423231742381
"631",0.01,0.2,0.99,31,0.95117748420448
"632",0.01,0.2,0.99,32,0.974328358208955
"633",0.01,0.2,0.99,33,0.976651100733823
"634",0.01,0.2,0.99,34,0.990369181380417
"635",0.01,0.2,0.99,35,0.984402079722704
"636",0.01,0.2,0.99,36,0.966352624495289
"637",0.01,0.2,0.99,37,0.964259664478483
"638",0.01,0.2,0.99,38,0.965811965811966
"639",0.01,0.2,0.99,39,0.965277777777778
"640",0.01,0.2,0.99,40,0.986894586894587
"641",0.01,0.2,0.99,41,0.968468468468468
"642",0.01,0.2,0.99,42,0.959266802443992
"643",0.01,0.2,0.99,43,0.976915974145891
"644",0.01,0.2,0.99,44,0.982630272952854
"645",0.01,0.2,0.99,45,0.983193277310924
"646",0.01,0.2,0.99,46,0.982256919801277
"647",0.01,0.2,0.99,47,0.973856209150327
"648",0.01,0.2,0.99,48,0.964338781575037
"649",0.01,0.2,0.99,49,0.970257766027759
"650",0.01,0.2,0.99,50,0.960596379126731
"651",0.01,0.2,0.99,51,0.970568999345978
"652",0.01,0.2,0.99,52,0.990715456034954
"653",0.01,0.2,0.99,53,0.981408450704225
"654",0.01,0.2,0.99,54,0.943952802359882
"655",0.01,0.2,0.99,55,0.986666666666667
"656",0.01,0.2,0.99,56,0.973087818696884
"657",0.01,0.2,0.99,57,0.977721196690006
"658",0.01,0.2,0.99,58,0.967266775777414
"659",0.01,0.2,0.99,59,0.959603118355776
"660",0.01,0.2,0.99,60,0.986970684039088
"661",0.01,0.2,0.99,61,0.95059880239521
"662",0.01,0.2,0.99,62,0.987723214285714
"663",0.01,0.2,0.99,63,0.989510489510489
"664",0.01,0.2,0.99,64,0.987293519695044
"665",0.01,0.2,0.99,65,0.984886649874055
"666",0.01,0.2,0.99,66,0.973724884080371
"667",0.01,0.2,0.99,67,0.941492938802959
"668",0.01,0.2,0.99,68,0.983856502242152
"669",0.01,0.2,0.99,69,0.952731737262124
"670",0.01,0.2,0.99,70,0.985761226725082
"671",0.01,0.2,0.99,71,0.954128440366973
"672",0.01,0.2,0.99,72,0.990862944162437
"673",0.01,0.2,0.99,73,0.976241900647948
"674",0.01,0.2,0.99,74,0.978494623655914
"675",0.01,0.2,0.99,75,0.971085651936716
"676",0.01,0.2,0.99,76,0.963153384747215
"677",0.01,0.2,0.99,77,0.988476312419974
"678",0.01,0.2,0.99,78,0.981220657276995
"679",0.01,0.2,0.99,79,0.966336633663366
"680",0.01,0.2,0.99,80,0.988830099941211
"681",0.01,0.2,0.99,81,0.970387243735763
"682",0.01,0.2,0.99,82,0.943775100401606
"683",0.01,0.2,0.99,83,0.970873786407767
"684",0.01,0.2,0.99,84,0.981574539363484
"685",0.01,0.2,0.99,85,0.988811188811189
"686",0.01,0.2,0.99,86,0.971586971586972
"687",0.01,0.2,0.99,87,0.950131233595801
"688",0.01,0.2,0.99,88,0.985320023487962
"689",0.01,0.2,0.99,89,0.98960498960499
"690",0.01,0.2,0.99,90,0.978029766123317
"691",0.01,0.2,0.99,91,0.981917808219178
"692",0.01,0.2,0.99,92,0.963041182682154
"693",0.01,0.2,0.99,93,0.987702265372168
"694",0.01,0.2,0.99,94,0.983688833124216
"695",0.01,0.2,0.99,95,0.976367319378798
"696",0.01,0.2,0.99,96,0.96474358974359
"697",0.01,0.2,0.99,97,0.980722891566265
"698",0.01,0.2,0.99,98,0.95591322603219
"699",0.01,0.2,0.99,99,0.954277286135693
"700",0.01,0.2,0.99,100,0.941712204007286
"701",0.01,0.2,1,1,0.993919740575598
"702",0.01,0.2,1,2,0.992304873580066
"703",0.01,0.2,1,3,0.988411724608044
"704",0.01,0.2,1,4,0.987813620071685
"705",0.01,0.2,1,5,0.984615384615385
"706",0.01,0.2,1,6,0.980451127819549
"707",0.01,0.2,1,7,0.984656437625083
"708",0.01,0.2,1,8,0.982378854625551
"709",0.01,0.2,1,9,0.988379204892966
"710",0.01,0.2,1,10,0.990047598442233
"711",0.01,0.2,1,11,0.989431303472572
"712",0.01,0.2,1,12,0.98618925831202
"713",0.01,0.2,1,13,0.983988355167394
"714",0.01,0.2,1,14,0.991062562065541
"715",0.01,0.2,1,15,0.988435788192331
"716",0.01,0.2,1,16,0.984308131241084
"717",0.01,0.2,1,17,0.99614890885751
"718",0.01,0.2,1,18,0.988342625443487
"719",0.01,0.2,1,19,0.990719257540603
"720",0.01,0.2,1,20,0.984174830444612
"721",0.01,0.2,1,21,0.99215200330442
"722",0.01,0.2,1,22,0.984937786509496
"723",0.01,0.2,1,23,0.988933601609658
"724",0.01,0.2,1,24,0.984698469846985
"725",0.01,0.2,1,25,0.983448275862069
"726",0.01,0.2,1,26,0.990312163616792
"727",0.01,0.2,1,27,0.991144172865746
"728",0.01,0.2,1,28,0.989296636085627
"729",0.01,0.2,1,29,0.971652003910068
"730",0.01,0.2,1,30,0.982188295165394
"731",0.01,0.2,1,31,0.993109388458226
"732",0.01,0.2,1,32,0.98146655922643
"733",0.01,0.2,1,33,0.986460348162476
"734",0.01,0.2,1,34,0.992017030335285
"735",0.01,0.2,1,35,0.994274166385989
"736",0.01,0.2,1,36,0.980335032774945
"737",0.01,0.2,1,37,0.988310308182784
"738",0.01,0.2,1,38,0.988524590163934
"739",0.01,0.2,1,39,0.988861985472155
"740",0.01,0.2,1,40,0.978077571669477
"741",0.01,0.2,1,41,0.985413290113452
"742",0.01,0.2,1,42,0.990615224191867
"743",0.01,0.2,1,43,0.987508218277449
"744",0.01,0.2,1,44,0.979044425817267
"745",0.01,0.2,1,45,0.974515800203874
"746",0.01,0.2,1,46,0.985468956406869
"747",0.01,0.2,1,47,0.987577639751553
"748",0.01,0.2,1,48,0.97254004576659
"749",0.01,0.2,1,49,0.982940698619009
"750",0.01,0.2,1,50,0.986833855799373
"751",0.01,0.2,1,51,0.981783317353787
"752",0.01,0.2,1,52,0.987432675044883
"753",0.01,0.2,1,53,0.99068170671898
"754",0.01,0.2,1,54,0.994747474747475
"755",0.01,0.2,1,55,0.994623655913978
"756",0.01,0.2,1,56,0.986648865153538
"757",0.01,0.2,1,57,0.977473065621939
"758",0.01,0.2,1,58,0.978653530377668
"759",0.01,0.2,1,59,0.982392228293868
"760",0.01,0.2,1,60,0.987767584097859
"761",0.01,0.2,1,61,0.986326344576117
"762",0.01,0.2,1,62,0.987341772151899
"763",0.01,0.2,1,63,0.986324786324786
"764",0.01,0.2,1,64,0.976310122038765
"765",0.01,0.2,1,65,0.987714987714988
"766",0.01,0.2,1,66,0.980661260137243
"767",0.01,0.2,1,67,0.994947532063739
"768",0.01,0.2,1,68,0.995869081665078
"769",0.01,0.2,1,69,0.990160538581046
"770",0.01,0.2,1,70,0.986977381768334
"771",0.01,0.2,1,71,0.973654066437572
"772",0.01,0.2,1,72,0.994475138121547
"773",0.01,0.2,1,73,0.991104133961277
"774",0.01,0.2,1,74,0.985797827903091
"775",0.01,0.2,1,75,0.985454545454545
"776",0.01,0.2,1,76,0.986462625073573
"777",0.01,0.2,1,77,0.985660377358491
"778",0.01,0.2,1,78,0.987551867219917
"779",0.01,0.2,1,79,0.988358556461001
"780",0.01,0.2,1,80,0.987290969899666
"781",0.01,0.2,1,81,0.980392156862745
"782",0.01,0.2,1,82,0.986959505833905
"783",0.01,0.2,1,83,0.992964824120603
"784",0.01,0.2,1,84,0.978805394990366
"785",0.01,0.2,1,85,0.98943661971831
"786",0.01,0.2,1,86,0.984326018808777
"787",0.01,0.2,1,87,0.981713185755534
"788",0.01,0.2,1,88,0.992393736017897
"789",0.01,0.2,1,89,0.980295566502463
"790",0.01,0.2,1,90,0.990518683770218
"791",0.01,0.2,1,91,0.98870636550308
"792",0.01,0.2,1,92,0.991850989522701
"793",0.01,0.2,1,93,0.992153443766347
"794",0.01,0.2,1,94,0.986348122866894
"795",0.01,0.2,1,95,0.991285403050109
"796",0.01,0.2,1,96,0.987858719646799
"797",0.01,0.2,1,97,0.981300089047195
"798",0.01,0.2,1,98,0.986790986790987
"799",0.01,0.2,1,99,0.987707881417209
"800",0.01,0.2,1,100,0.990176817288802
